en,cmn,tupa,yue,ja,de,ko,eo,fr,es,vi
English,普通话,tupa,粵語(jyut6 jyu5),日本語(にほんご),Deutsch,한국어,Esperanto,français,español,Tiếng Việt(㗂越)
类 1 DKTZ,cmn,tupa,yue,ja,de,ko,eo,fr,es,vi
类 1 DKTZ - khoung keen,cmn,tupa,yue,ja,de,ko,eo,fr,es,vi
dot,点,temq,点 (dim2),点 (てん),Punkt,점,punkto,point,punto,chấm
long,长,tryangq,长 (coeng4),長い (ながい),lang,긴,longa,long,largo,dài
short,短,twanq,短 (dyun2),短い (みじかい),kurz,짧은,mallonga,court,corto,ngắn
tall,高,kaw,高 (gou1),高い (たかい),groß,키가 큰,alta,grand,alto,cao
short (vs tall),矮,qeeq,矮 (aai2),低い (ひくい),klein,키가 작은,malalta,petit,bajo,thấp
wide,宽,khwan,宽 (fun1),広い (ひろい),breit,넓은,larĝa,large,ancho,rộng
narrow,窄,tsraek,窄 (zaak6),狭い (せまい),eng,좁은,mallarĝa,étroit,estreito,hẹp
big/large,大,dajh,大 (daai6),大きい (おおきい),groß,큰,granda,grande,grande,lớn
small/little,小,siewq,小 (siu2),小さい (ちいさい),klein,작은,malgranda,petit,pequeño,nhỏ
thick,厚,ghouq,厚 (hau5),厚い (あつい),dick,두꺼운,dika,épais,grueso,dày
thin,薄,bak,薄 (bok6),薄い (うすい),dünn,얇은,maldika,mince,delgado,mỏng
high,高,kaw,高 (gou1),高い (たかい),hoch,높은,alta,haut,alto,cao
low,低,tej,低 (dai1),低い (ひくい),niedrig,낮은,malalta,bas,bajo,thấp
deep,深,sjimh,深 (sam1),深い (ふかい),tief,깊은,profunda,profond,profundo,sâu
shallow,浅,tshienq,浅 (sin2),浅い (あさい),flach,얕은,malprofunda,peu profond,superficial,nông
flat,平,byaeng,平 (ping4),平ら (たいら),flach,평평한,plata,plat,plano,bằng phẳng
curved,曲,khuok,曲 (kuk1),曲がった (まがった),gebogen,곡선,kurba,curvé,curvado,cung
小类directions,方向,puang sjyangh,方向 (fong1 coeng4),方向 (ほうこう),Richtungen,방향,direkto,directions,direcciones,hướng
top,顶部,tengq bouq,顶部 (ding2 bou6),上部 (うわべ),oben,위,supro,top,arriba,trên
bottom,底部,tejq bouq,底部 (dai2 bou6),底部 (そこぶ),unten,밑,fundo,bas,bajo,dưới
side,侧面,tsryk mienh,侧面 (zaak3 min6),側面 (そくめん),Seite,옆쪽,flanko,côté,lado,bên
front,前面,dzen mienh,前面 (cin4 min6),前面 (まえめん),Vorderseite,앞,antaŭo,avant,frontal,trước
back,后面,ghouq mienh,后面 (hau6 min6),後面 (うしろめん),Rückseite,뒤,malantaŭo,arrière,trasero,phía sau
outside,外面,ngwajh mienh,外面 (ngoi6 min6),外側 (そとがわ),außen,밖,ekstere,extérieur,exterior,ngoài
inside,里面,lyq mienh,里面 (lei5 min6),内側 (うちがわ),innen,안,interne,intérieur,interior,bên trong
up,向上,sjyangh djyangq,向上 (hoeng3 soeng5),上へ (うえへ),hoch,위로,supren,haut,arriba,lên
down,下,ghaeq,下 (haa6),下 (した),unten,아래,malsupren,vers le bas,abajo,xuống
left,左,tsaq,左 (zo2),左 (ひだり),links,왼쪽,maldekstra,gauche,izquierda,trái
right,右,uq,右 (jau6),右 (みぎ),rechts,오른쪽,dekstra,droit,derecha,phải
straight,直,dryk,直 (zik6),まっすぐ (massugu),gerade,곧장,rekta,droit,derecho,thẳng
north,北,peok,北 (bak1),北 (きた),Norden,북,norda,nord,norte,bắc
south,南,nom,南 (naam4),南 (みなみ),Süden,남,suda,sud,sur,nam
east,东,toung,东 (dung1),東 (ひがし),Osten,동,orienta,est,este,đông
west,西,sej,西 (sai1),西 (にし),Westen,서,okcidenta,ouest,oeste,tây
类 1 DKTZ - djy keen,cmn,tupa,yue,ja,de,ko,eo,fr,es,vi
slow,慢,maenh,慢 (maan6),遅い (おそい),langsam,느린,malrapida,lent,lento,chậm
fast,快,khwaejh,快 (faai3),速い (はやい),schnell,빠른,rapida,rapide,rápido,nhanh
new,新,sin,新 (san1),新しい (あたらしい),neu,새로운,nova,nouveau,nuevo,mới
old (new),旧,guh,旧 (gau6),新しい (あたらしい),alt,새로운,malnova,vieux,nuevo,mới
young,年轻,nen khiaengh,年轻 (nin4 coeng1),若い (わかい),jung,젊은,juna,jeune,joven,trẻ
old (young),老,lawq,老 (lou5),年をとる (としをとる),alt,늙은,maljuna,vieux,viejo,già
类 1 DKTZ - sruoh lyangh,cmn,tupa,yue,ja,de,ko,eo,fr,es,vi
strong,强,gyang,强 (goeng6),強い (つよい),stark,강한,forta,fort,fuerte,mạnh
weak,弱,njyak,弱 (joek6),弱い (よわい),schwach,약한,malforta,faible,débil,yếu
count,数,sruoq,数 (sou3),数える (かぞえる),zählen,세다,kalkuli,compter,contar,đếm
小类math/measurements,数学/测量,sruoh ghoeuk / tsrhyk lyang,数学/测量 (sou3 hok6 / cak1 loeng6),数学/計測 (すうがく/けいそく),Mathematik/ Messung,수학/측정,matematiko,math/mesure,matemáticas,toán học/đo lường
meter,米,mejq,米 (mai5),メートル (めーとる),Meter,미터,metro,mètre,metro,mét
centimeter,厘米,ly mejq,厘米 (lei4 mai5),センチメートル (せんちめーとる),Zentimeter,센티미터,centimetro,centimètre,centímetro,centimet
kilogram,公斤,koung kynh,公斤 (gung1 gan1),キログラム (きろぐらむ),Kilogramm,킬로그램,kilogramo,kilogramme,kilogramo,kilôgam
inch,英寸,qyaeng tshonh,英寸 (jing1 cyun2),インチ (いんち),Zoll,인치,colo,pouce,pulgada,inches
foot,英尺,qyaeng tjhiaek,英尺 (jing1 cek3),フィート (ふぃーと),Fuß,피트,futo,pied,pie,foot
pound,磅,phang,磅 (bong6),ポンド (ぽんど),Pfund,파운드,funto,livre,libra,pound
half,半,panh,半 (bun3),半 (はん),halb,반,duono,moitié,medio,nửa
circle,圆,zwien,圆 (jyun4),円 (えん),Kreis,원,cirklo,cercle,círculo,hình tròn
square,平方,byaeng puang,平方 (ping4 fong1),平方 (へいほう),Quadrat,제곱,kvadrato,carré,cuadrado,hình vuông
temperature,温度,qon doh,温度 (wan1 dou6),温度 (おんど),Temperatur,온도,temperaturo,température,temperatura,nhiệt độ
date,日期,njit gy,日期 (jat6 kei4),日付 (ひづけ),Datum,날짜,dato,date,fecha,ngày
weight,重量,druongq lyangh,重量 (zung6 loeng6),重さ (おもさ),Gewicht,무게,pezo,poids,peso,trọng lượng
edge,边缘,pen jwien,边缘 (bin1 jin1),端 (はし),Kante,가장자리,rando,bordes,borde,cạnh
corner,角落,koeuk lak,角落 (gok3 lok6),角 (かど),Ecke,구석,angulo,coin,esquina,góc
小类numbers,数字,sruoh dzyh,数字 (soe4 zi6),数字 (すうじ),Zahlen,숫자,nombro,nombres,números,số
0,零,lengh,零 (ling4),零 (れい),null,영,nulo,zéro,cero,không
1,一,qit,一 (jat1),一 (いち),eins,일,unu,un,uno,một
2,二,njih,二 (ji6),二 (に),zwei,이,du,deux,dos,hai
3,三,samh,三 (saam1),三 (さん),drei,삼,tri,trois,tres,ba
4,四,sih,四 (sei3),四 (し),vier,사,kvar,quatre,cuatro,bốn
5,五,ngoq,五 (ng5),五 (ご),fünf,오,kvin,cinq,cinco,năm
6,六,luk,六 (luk6),六 (ろく),sechs,육,ses,six,seis,sáu
7,七,tshit,七 (cat1),七 (なな),sieben,칠,sep,sept,siete,bảy
8,八,peet,八 (baat3),八 (はち),acht,팔,ok,huit,ocho,tám
9,九,kuq,九 (gau2),九 (きゅう),neun,구,nau,neuf,nueve,chín
10,十,djip,十 (sap6),十 (じゅう),zehn,십,dek,dix,diez,mười
11,十一,djip qit,十一 (sap6 jat1),十一 (じゅういち),elf,십일,dek unu,onze,once,mười một
12,十二,djip njih,十二 (sap6 ji6),十二 (じゅうに),zwölf,십이,dek du,douze,doce,mười hai
13,十三,djip sam,十三 (sap6 saam1),十三 (じゅうさん),dreizehn,십삼,dek tri,treize,trece,mười ba
14,十四,djip sih,十四 (sap6 sei3),十四 (じゅうし),vierzehn,십사,dek kvar,quatorze,catorce,mười bốn
15,十五,djip ngoq,十五 (sap6 ng5),十五 (じゅうご),fünfzehn,십오,dek kvin,quinze,quince,mười lăm
16,十六,djip luk,十六 (sap6 luk6),十六 (じゅうろく),sechzehn,십육,dek ses,seize,dieciséis,mười sáu
17,十七,djip tshit,十七 (sap6 cat1),十七 (じゅうしち),siebzehn,십칠,dek sep,dix-sept,diecisiete,mười bảy
18,十八,djip peet,十八 (sap6 baat3),十八 (じゅうはち),achtzehn,십팔,dek ok,dix-huit,dieciocho,mười tám
19,十九,djip kuq,十九 (sap6 gau2),十九 (じゅうく),neunzehn,십구,dek nau,dix-neuf,diecinueve,mười chín
20,二十,njih djip,二十 (ji6 sap6),二十 (にじゅう),zwanzig,스물,dudek,vingt,veinte,hai mươi
21,二十一,njih djip qit,二十一 (ji6 sap6 jat1),二十一 (にじゅういち),einundzwanzig,스물하나,dudek unu,vingt et un,veintiuno,hai mươi một
22,二十二,njih djip njih,二十二 (ji6 sap6 ji6),二十二 (にじゅうに),zweiundzwanzig,스물둘,dudek du,vingt-deux,veintidós,hai mươi hai
30,三十,sam djip,三十 (saam1 sap6),三十 (さんじゅう),dreißig,서른,tridek,trente,treinta,ba mươi
31,三十一,sam djip qit,三十一 (saam1 sap6 jat1),三十一 (さんじゅういち),einunddreißig,서른하나,tridek unu,trente et un,treinta y uno,ba mươi một
32,三十二,sam djip njih,三十二 (saam1 sap6 ji6),三十二 (さんじゅうに),zweiunddreißig,서른둘,tridek du,trente-deux,treinta y dos,ba mươi hai
40,四十,sih djip,四十 (sei3 sap6),四十 (しじゅう),vierzig,마흔,kvardek,quarante,cuarenta,bốn mươi
41,四十一,sih djip qit,四十一 (sei3 sap6 jat1),四十一 (しじゅういち),einundvierzig,마흔하나,kvardek unu,quarante et un,cuarenta y uno,bốn mươi một
42,四十二,sih djip njih,四十二 (sei3 sap6 ji6),四十二 (しじゅうに),zweiundvierzig,마흔둘,kvardek du,quarante-deux,cuarenta y dos,bốn mươi hai
50,五十,ngoq djip,五十 (ng5 sap6),五十 (ごじゅう),fünfzig,쉰,kvindek,cinquante,cincuenta,năm mươi
51,五十一,ngoq djip qit,五十一 (ng5 sap6 jat1),五十一 (ごじゅういち),einundfünfzig,쉰하나,kvindek unu,cinquante et un,cincuenta y uno,năm mươi một
52,五十二,ngoq djip njih,五十二 (ng5 sap6 ji6),五十二 (ごじゅうに),zweiundfünfzig,쉰둘,kvindek du,cinquante-deux,cincuenta y dos,năm mươi hai
60,六十,luk djip,六十 (luk6 sap6),六十 (ろくじゅう),sechzig,예순,sesdek,soixante,sesenta,sáu mươi
61,六十一,luk djip qit,六十一 (luk6 sap6 jat1),六十一 (ろくじゅういち),einundsechzig,예순하나,sesdek unu,soixante et un,sesenta y uno,sáu mươi một
62,六十二,luk djip njih,六十二 (luk6 sap6 ji6),六十二 (ろくじゅうに),zweiundsechzig,예순둘,sesdek du,soixante-deux,sesenta y dos,sáu mươi hai
70,七十,tshit djip,七十 (cat1 sap6),七十 (ななじゅう),siebzig,칠십,sepdek,soixante-dix,setenta,bảy mươi
71,七十一,tshit djip qit,七十一 (cat1 sap6 jat1),七十一 (ななじゅういち),einundsiebzig,칠십하나,sepdek unu,soixante et onze,setenta y uno,bảy mươi một
72,七十二,tshit djip njih,七十二 (cat1 sap6 ji6),七十二 (ななじゅうに),zweiundsiebzig,칠십둘,sepdek du,soixante-douze,setenta y dos,bảy mươi hai
80,八十,peet djip,八十 (baat3 sap6),八十 (はちじゅう),achtzig,팔십,okdek,quatre-vingts,ochenta,tám mươi
81,八十一,peet djip qit,八十一 (baat3 sap6 jat1),八十一 (はちじゅういち),einundachtzig,팔십하나,okdek unu,quatre-vingt-un,ochenta y uno,tám mươi một
82,八十二,peet djip njih,八十二 (baat3 sap6 ji6),八十二 (はちじゅうに),zweiundachtzig,팔십둘,okdek du,quatre-vingt-deux,ochenta y dos,tám mươi hai
90,九十,kuq djip,九十 (gau2 sap6),九十 (きゅうじゅう),neunzig,구십,naudek,quatre-vingt-dix,noventa,chín mươi
91,九十一,kuq djip qit,九十一 (gau2 sap6 jat1),九十一 (きゅうじゅういち),einundneunzig,구십하나,naudek unu,quatre-vingt-onze,noventa y uno,chín mươi một
92,九十二,kuq djip njih,九十二 (gau2 sap6 ji6),九十二 (きゅうじゅうに),zweiundneunzig,구십둘,naudek du,quatre-vingt-douze,noventa y dos,chín mươi hai
100,一百,qit paek,一百 (jat1 baak3),百 (ひゃく),hundert,백,cent,cents,cien,một trăm
101,一百零一,qit paek lengh qit,一百零一 (jat1 baak3 ling4 jat1),百一 (ひゃくいち),hundert eins,백하나,cent unu,cent un,ciento uno,một trăm một
102,一百零二,qit paek lengh njih,一百零二 (jat1 baak3 ling4 ji6),百二 (ひゃくに),hundert zwei,백둘,cent du,cent deux,ciento dos,một trăm hai
110,一百一十,qit paek qit djip,一百一十 (jat1 baak3 jat1 sap6),百十 (ひゃくじゅう),hundert zehn,백십,cent dek,cent dix,ciento diez,một trăm mười
111,一百一十一,qit paek qit djip qit,一百一十一 (jat1 baak3 jat1 sap6 jat1),百十一 (ひゃくじゅういち),hundert elf,백십하나,cent dek unu,cent onze,ciento once,một trăm mười một
1000,一千,qit tshen,一千 (jat1 cin1),千 (せん),tausend,천,mil,mille,mil,nghìn
1001,一千零一,qit tshen lengh qit,一千零一 (jat1 cin1 ling4 jat1),千一 (せんいち),tausend eins,천하나,mil unu,mille un,mil uno,nghìn một
10000,一萬,qit muonh,一万 (jat1 maan6),一万 (いちまん),zehntausend,만,dek mil,vingt mille,diez mil,mười nghìn
100000,十萬,djip muonh,十万 (sap6 maan6),十万 (じゅうまん),hunderttausend,십만,cent mil,cent mille,cien mil,một trăm nghìn
million,百萬,paek muonh,百万 (baak3 maan6),百万 (ひゃくまん),Million,백만,miliono,million,millón,mil triệu
billion,十億,djip qyk,十亿 (sap6 jik6),十億 (じゅうおく),Milliarde,십억,miliardo,milliard,mil millones,tỷ tỷ
1st,第一,dejh qit,第一 (dai6 jat1),第一 (だいいち),erste,첫째,unua,premier,primero,thứ nhất
2nd,第二,dejh njih,第二 (dai6 ji6),第二 (だいに),zweite,둘째,dua,deuxième,segundo,thứ hai
3rd,第三,dejh samh,第三 (dai6 saam1),第三 (だいさん),dritte,셋째,tria,troisième,tercero,thứ ba
4th,第四,dejh sih,第四 (dai6 sei3),第四 (だいよん),vierte,넷째,kvara,quatrième,cuarto,thứ tư
5th,第五,dejh ngoq,第五 (dai6 ng5),第五 (だいご),fünfte,다섯째,kvina,cinquième,quinto,thứ năm
类 1 DKTZ - tjiq deojh,cmn,tupa,yue,ja,de,ko,eo,fr,es,vi
小类pronouns,代词,deojh zy,代词 (doi6 ci4),代名詞 (だいめいし),Pronomen,대명사,pronomo,pronoms,pronombres,đại từ
I,我,ngaq,我 (ngo5),私 (わたし),ich,나,mi,je,yo,tôi
you (singular),你,nryq,你 (nei5),あなた,du,너,vi,tu,tú,bạn
he,他,tha,佢 (keoi5),彼 (かれ),er,그,li,il,él,anh
she,她,tha,佢 (keoi5),彼女 (かのじょ),sie,그녀,ŝi,elle,ella,cô
it,它,tha,佢 (keoi5),それ (sore),es,그것,ĝi,il,ello,nó
we,我们,ngaq mon,我哋 (ngo5 dei6),私たち (わたしたち),wir,우리,ni,nous,nosotros,chúng tôi
you (plural),你们,nryq mon,你哋 (nei5 dei6),あなたたち,ihr,너희,vi,vous,vosotros,các bạn
they,他们,tha mon,佢哋 (keoi5 dei6),彼ら (ひら),sie,그들,ili,ils,ellos,họ
this,这,tjiaeq,呢个 (ne1 go3),これ (kore),dieses,이,ĉi tiu,ceci,este,đây
that,那,naq,嗰个 (go2 go3),それ (sore),das,그,tiu,cela,ese,đó
these,这些,tjiaeq siae,呢啲 (ne1 di1),これら (korera),diese,이들,ĉi tiuj,ces,estos,những này
those,那些,naq siae,嗰啲 (go2 di1),それら (sorera),diese,그들,tiuj,ceux,aquellos,những kia
小类question words,疑问词,ngy munh zy,疑问词 (ji4 man6 ci4),疑問詞 (ぎもんし),Fragepronomen,의문사,demandaj vortoj,mots interrogatifs,pronombres interrogativos,từ để hỏi
who,谁,djwi,邊個 (bin1 go3),誰 (だれ),wer,누구,kiu,qui,quién,ai
what,什么,djip maq,乜嘢 (mat1 je5),何 (なに),was,무엇,kio,quoi,qué,gì
when,什么时候,djip maq djy ghouh,幾時 (gei2 si4),いつ (itsu),wann,언제,kiam,quand,cuándo,khi
where,哪里,naq lyq,邊度 (bin1 dou6),どこ (doko),wo,어디,kie,où,dónde,ở đâu
why,为什么,ueh djip ma,點解 (dim2 gaai2),なぜ (naze),warum,왜,kial,pourquoi,por qué,tại sao
how,怎么,tsoimq maq,點樣 (dim2 joeng2),どのように (dono yo ni),wie,어떻게,kiel,comment,cómo,làm sao
which,哪个,naq kah,邊一個 (bin1 jat1 go3),どちら (dochira),welche,어느,kiu,lequel,cuál,nào
类 1 DKTZ - jinq tsiep,cmn,tupa,yue,ja,de,ko,eo,fr,es,vi
类 2 KKTD,cmn,tupa,yue,ja,de,ko,eo,fr,es,vi
类 2 KKTD - seng gu,cmn,tupa,yue,ja,de,ko,eo,fr,es,vi
Earth,地球,dih gu,地球 (dei6 kau4),地球 (ちきゅう),Erde,지구,tero,terre,Tierra,Trái Đất (𧀞𡐙)
类 2 KKTD - then zyangq,cmn,tupa,yue,ja,de,ko,eo,fr,es,vi
hot,热,njiet,熱 (jit6),熱い (あつい),heiß,더운,varma,chaud,caliente,nóng
cold,冷,lengq,凍 (dung3),寒い (さむい),kalt,추운,malvarma,froid,frío,lạnh
warm,暖,nwanq,暖 (nyun5),暖かい (あたたかい),warm,따뜻한,varma,chaud,cálido,ấm áp
cool,凉,lyangh,涼 (leung4),涼しい (すずしい),kühl,시원한,malvarma,frais,fresco,mát
light,光,kwangh,光 (gwong1),光 (ひかり),Licht,빛,lumo,lumière,luz,ánh sáng
light (dark),明亮,myaeng lyangh,暗 (am6),明るい (あかるい),hell,밝은,malluma,lumière,claro,sáng
dark,黑暗,heok qomh,黑 (hak1),暗い (くらい),dunkel,어두운,malluma,sombre,oscuro,tối
wet,湿,sjip,濕 (sap1),濡れた (ぬれた),nass,젖은,malseka,mouillé,mojado,ẩm ướt
dry,干燥,kan sawq,乾 (gon1),乾燥 (かんそう),trocken,건조한,seka,sec,seco,khô
burn,燃烧,njien sjiewh,燃 (jin4),燃える (もえる),brennen,타다,bruli,brûler,quemar,đốt
melt,融化,jung hwaeh,融 (jung4),溶ける (とける),schmelzen,녹다,fandi,fondre,derretir,chảy
nuclear,核能,gheek neongq,核 (hat6),原子力 (げんしりょく),nuklear,핵,nuklea,nucléaire,nuclear,hạt nhân
Energy,能源,neongq nguon,能源 (nang4 jyun4),エネルギー,Energie,에너지,energio,énergie,energía,năng lượng
小类seasons,季节,kwih tset,季節 (gwai3 zit3),季節 (きせつ),Jahreszeiten,계절,,saisons,estaciones,mùa
Spring,春天,tjhwin then,春 (ceon1),春 (はる),Frühling,봄,printempo,printemps,primavera,Mùa Xuân
Summer,夏天,ghaeh then,夏 (haa6),夏 (なつ),Sommer,여름,somero,été,verano,Mùa Hè
Fall,秋天,tshu then,秋 (cau1),秋 (あき),Herbst,가을,aŭtuno,automne,otoño,Mùa Thu
Winter,冬天,tong then,冬 (dung1),冬 (ふゆ),Winter,겨울,vintro,hiver,invierno,Mùa Đông
小类months,月份,nguot pyin,月份 (jyut6 fan6),月 (つき),Monate,월,,mois,meses,tháng
January,一月,qit nguot,一月 (jat1 jyut6),1月 (いちがつ),Januar,1월,januaro,janvier,enero,Tháng 1
February,二月,njih nguot,二月 (ji6 jyut6),2月 (にがつ),Februar,2월,februaro,février,febrero,Tháng 2
March,三月,samh nguot,三月 (saam1 jyut6),3月 (さんがつ),März,3월,marto,mars,marzo,Tháng 3
April,四月,sih nguot,四月 (sei3 jyut6),4月 (しがつ),April,4월,aprilo,avril,abril,Tháng 4
May,五月,ngoq nguot,五月 (ng5 jyut6),5月 (ごがつ),Mai,5월,majo,mai,mayo,Tháng 5
June,六月,luk nguot,六月 (luk6 jyut6),6月 (ろくがつ),Juni,6월,junio,juin,junio,Tháng 6
July,七月,tshit nguot,七月 (cat1 jyut6),7月 (しちがつ),Juli,7월,julio,juillet,julio,Tháng 7
August,八月,peet nguot,八月 (baat3 jyut6),8月 (はちがつ),August,8월,aŭgusto,août,agosto,Tháng 8
September,九月,kuq nguot,九月 (gau2 jyut6),9月 (くがつ),September,9월,septembro,septembre,septiembre,Tháng 9
October,十月,djip nguot,十月 (sap6 jyut6),10月 (じゅうがつ),Oktober,10월,oktobro,octobre,octubre,Tháng 10
November,十一月,djip qit nguot,十一月 (sap6 jat1 jyut6),11月 (じゅういちがつ),November,11월,novembro,novembre,noviembre,Tháng 11
December,十二月,djip njih nguot,十二月 (sap6 ji6 jyut6),12月 (じゅうにがつ),Dezember,12월,decembro,décembre,diciembre,Tháng 12
小类days of the week,星期,seng gy,星期 (sing1 kei4),曜日 (ようび),Wochentage,요일,,jours de la semaine,días de la semana,ngày trong tuần
Monday,星期一,seng gy qit,星期一 (sing1 kei4 jat1),月曜日 (げつようび),Montag,월요일,lundo,lundi,lunes,Thứ Hai
Tuesday,星期二,seng gy njih,星期二 (sing1 kei4 ji6),火曜日 (かようび),Dienstag,화요일,mardo,mardi,martes,Thứ Ba
Wednesday,星期三,seng gy samh,星期三 (sing1 kei4 saam1),水曜日 (すいようび),Mittwoch,수요일,merkredo,mercredi,miércoles,Thứ Tư
Thursday,星期四,seng gy sih,星期四 (sing1 kei4 sei3),木曜日 (もくようび),Donnerstag,목요일,ĵaŭdo,jeudi,jueves,Thứ Năm
Friday,星期五,seng gy ngoq,星期五 (sing1 kei4 ng5),金曜日 (きんようび),Freitag,금요일,vendredo,vendredi,viernes,Thứ Sáu
Saturday,星期六,seng gy luk,星期六 (sing1 kei4 luk6),土曜日 (どようび),Samstag,토요일,sabato,samedi,sábado,Thứ Bảy
Sunday,星期日,seng gy njit,星期日 (sing1 kei4 jat6),日曜日 (にちようび),Sonntag,일요일,dimanĉo,dimanche,domingo,Chủ Nhật
小类time,时间,djy keenh,時間 (si4 gaan3),時間 (じかん),Zeit,시간,tempo,temps,tiempo,thời gian
year,年,nen,年 (nin4),年 (ねん),Jahr,년,jaro,an,año,năm
month,月,nguot,月 (jyut6),月 (つき),Monat,달,monato,mois,mes,tháng
week,周,tju,星期 (sing1 kei4),週 (しゅう),Woche,주,semajno,semaine,semana,tuần
day,天,then,日 (jat6),日 (にち),Tag,날,tago,jour,día,ngày
hour,小时,siewq djy,時 (si4),時間 (じかん),Stunde,시간,horo,heure,hora,giờ
minute,分钟,pun tjuong,分鐘 (fan1 jung1),分 (ふん),Minute,분,minuto,minute,minuto,phút
second,秒,miewq,秒 (miu5),秒 (びょう),Sekunde,초,sekundo,seconde,segundo,giây
morning,早上,tsawq djyangq,早上 (zou2 soeng5),朝 (あさ),Morgen,아침,mateno,matin,mañana,sáng
afternoon,下午,ghaeq ngoq,下午 (haa6 ng5 haa6),午後 (ごご),Nachmittag,오후,posttagmezo,après-midi,tarde,chiều
evening,晚上,muonq djyangq,晚上 (maan5 soeng5),夜 (よる),Abend,저녁,vespero,soir,tarde,tối
night,夜晚,jiaeh muonq,夜晚 (je6 maan5),夜 (よる),Nacht,밤,nokto,nuit,noche,đêm
类 2 KKTD - dih lyq,cmn,tupa,yue,ja,de,ko,eo,fr,es,vi
map,地图,dih do,地圖 (dei6 tou4),地図 (ちず),Karte,지도,mapo,carte,map,bản đồ
类 2 KKTD - dih mut,cmn,tupa,yue,ja,de,ko,eo,fr,es,vi
hole,洞,doungh,孔 (hung1),穴 (あな),Loch,구멍,truo,trou,agujero,lỗ
heavy,重,druongq,重 (cung5),重い (おもい),schwer,무거운,peza,lourd,pesado,nặng
light (heavy),轻,khiaengh,沉 (cam4),重い (おもい),leicht,가벼운,malpeza,léger,liviano,nhẹ
soft,软,njwienq,輕 (hing1),柔らかい (やわらかい),weich,부드러운,mola,doux,suave,mềm
hard,硬,ngeengh,硬 (ngaang6),固い (かたい),hart,딱딱한,dura,dur,duro,cứng
tight,紧,kinq,緊 (gan2),きつい (kitsui),eng,꽉 막힌,streĉa,serré,ajustado,chặt
loose,松,zuong,鬆 (zung1),ゆるい (yurui),locker,헐거운,malstreĉa,lâche,flojo,lỏng
explode,爆炸,poeuk traeh,爆炸 (baau6 zaat3),爆発する (ばくはつする),explodieren,터지다,eksplodi,exploser,explotar,nổ
小类待分nature,自然,dzih njien,大自然 (daai6 zi6 jin4),自然 (しぜん),Natur,자연,naturo,nature,naturaleza,thiên nhiên
sea,海洋,heojq jyang,海 (hoi2),海 (うみ),Meer,바다,maro,mer,mar,b biển
ocean,海洋,heojq jyang,大洋 (daai6 joeng4),海洋 (かいよう),Ozean,대양,oceano,océan,océano,đại dương
river,河,gha,河 (ho4),川 (かわ),Fluss,강,rivero,rivière,río,sông
mountain,山,sreen,山 (saan1),山 (やま),Berg,산,monto,montaña,montaña,núi
rain,雨,uoq,雨 (jyu5),雨 (あめ),Regen,비,pluvo,pluie,lluvia,mưa
snow,雪,swiet,雪 (seut3),雪 (ゆき),Schnee,눈,neĝo,neige,nieve,tuyết
tree,树,djuoq,樹 (syu6),木 (き),Baum,나무,arbo,arbre,árbol,cây
sun,太阳,thajh jyang,太陽 (taai3 joeng4),太陽 (たいよう),Sonne,해,suno,soleil,sol,mặt trời
moon,月亮,nguot lyangh,月亮 (jyut6 loeng6),月 (つき),Mond,달,luno,lune,luna, mặt trăng
world,世界,sjiejh keejh,世界 (sai3 gaai3),世界 (せかい),Welt,세계,mondo,monde,mundo,thế giới
Earth,地球,dih gu,地球 (dei6 kau4),地球 (ちきゅう),Erde,지구,tero,terre,Tierra,Trái đất
forest,森林,sryim lim,森林 (sam1 lam4),森林 (しんりん),Wald,숲,arbaro,forêt,bosque,rừng
sky,天空,then khoung,天空 (tin1 hung1),空 (そら),Himmel,하늘,ĉielo,ciel,cie lo,bầu trời
plant,植物,dryh mut,植物 (zik6 mat6),植物 (しょくぶつ),Pflanze,식물,planto,plante,planta,thực vật
wind,风,pungh,風 (fung1),風 (かぜ),Wind,바람,vento,vent, viento,gió
soil/earth,土地,thoq dih,土壤 (tou2 jim5),土壌 (つち),Boden,흙,tero, sol/terre,tierra,đất
flower,花,hwae,花 (faa1),花 (はな),Blume,꽃,floro,fleur,flor,hoa
valley,山谷,sreen louk,山谷 (saan1 guk1),谷 (たに),Tal,계곡,valo,vallée,valle,thung lũng
root,根,keon,根 (gan1),根 (ね),Wurzel,뿌리,radiko, racine,raíz,gốc
lake,湖,gho,湖 (wu4),湖 (みずうみ),See,호,lago,lac,lago,hồ
star,星星,seng seng,星 (sing1),星 (ほし),Stern,별,stelo,étoile,estrella,ngôi sao
grass,草,tshawq,草 (cou2),草 (くさ),Gras,풀,herbo,herbe, hierba,cỏ
leaf,叶子,sjiep tsyq,葉 (jip6),葉 (は),Blatt,잎,folio,feuille, hoja,lá
air,空气,khoungh khyjh,空氣 (hung1 hei3),空気 (くうき),Luft,공기,aero,air,aire,không khí
sand,沙,sraeh,沙 (saa1),砂 (すな),Sand,모래,sablo,sable,arena,cát
beach,海滩,heojq than,沙灘 (saa1 taan1),浜辺 (はまべ),Strand,해변,plaĝo,plage, playa,bãi biển
wave,波,pa,浪 (long6),波 (なみ),Welle,파도,ondo, vague,onda,sóng
fire,火,hwaq,火 (fo2),火 (ひ),Feuer,불,fajro,feu,fuego,lửa
ice,冰,pying,冰 (bing1),氷 (こおり),Eis,얼음,glacio,gla ce,hielo,đá
island,岛,tawq,島 (dou2),島 (しま),Insel,섬,insulo,île,isla,đảo
hill,山丘,sreen khu,山丘 (saan1 kau4),丘 (おか),Hügel,언덕,monteto,colline,colina,đồi
heat,热,njiet,熱 (jit6),熱 (ねつ),Hitze,열,varmo,cha leur,calor,nhiệt đới
类 3 KKSM,cmn,tupa,yue,ja,de,ko,eo,fr,es,vi
类 3 KKSM - DM sjin thejq,cmn,tupa,yue,ja,de,ko,eo,fr,es,vi
grow,生长,sryaengh tryangq,生長 (sang1 coeng4),成長する (せいちょうする),wachsen,자라다,kreski,pousser,crecer,lớn lên
小类body,身体,sjin thejq,身體 (san1 tai2),体 (からだ),Körper,신체,korpo,corps,cuerpo,thân thể
head,头,dou,頭 (tau4),頭 (あたま),Kopf,머리,kapo,tête,cabeza,đầu
neck,脖子,bot tsyq,頸 (geng2),首 (くび),Hals,목,kolo,cou,cuello,cổ
face,脸,tshiem,臉 (lim5),顔 (かお),Gesicht,얼굴,vizaĝo,visage,cara,khuôn mặt
beard,胡须,gho suo,鬍鬚 (wu4 sou1),ひげ,Haar,Hüftwuchs,barbo,barbe,barba,râu
hair,头发,dou puot,頭髮 (tau4 faat3),髪 (かみ),Haare,머리카락,haro,cheveux,pelo,tóc
eye,眼睛,ngeenq tsiaeng,眼 (ngaan5),目 (め),Auge,눈,okulo,œil,ojo,mắt
mouth,嘴巴,tswieq pae,口 (hau2),口 (くち),Mund,입,buŝo,bouche,boca,miệng
lip,嘴唇,tswieq zjwin,嘴唇 (zeoi2 seon4),唇 (くちびる),Lippe,입술,lipo,lèvre,labio,môi
nose,鼻子,bih tsyq,鼻 (bei6),鼻 (はな),Nase,코,nazo,nez,nariz,mũi
tooth,牙齿,ngae tjhyq,牙 (ngaa4),歯 (は),Zahn,이,dento, dent,diente,răng
ear,耳朵,njyq twaq,耳 (ji5),耳 (みみ),Ohr,귀,orelo,oreja,oreja,tai
tear (drop),眼泪,ngeenq lwih,眼淚 (ngaan5 leoi6),涙 (なみだ),Träne,눈물,larmo,larme,lágrima,nước mắt
tongue,舌头,zjiet dou,舌頭 (sit6 tau4),舌 (した),Zunge,혀,lango,langue,lengua,lưỡi
back,背部,pojh bouq,背 (bui3),背中 (せなか),Rücken,등,dorso,dos,espalda,lưng
toe,脚趾,kyak tjyq,腳趾 (goek3 zi1),足の指 (あしのゆび),Zehe,발가락,piedo,orteil,dedo del pie,ngón chân
finger,手指,sjuq tjiq,手指 (sau2 zi2),指 (ゆび),Finger,손가락,fingro,doigt,dedo,cái tay
foot,脚,kyak,腳 (goek3),足 (あし),Fuß,발,piedo,pied,pie,chân
hand,手,sjuq,手 (sau2),手 (て),Hand,손,mano,main,mano,tay
leg,腿,thojq,腿 (teoi2),脚 (あし),Bein,다리,kruro,jambe,pierna,chân
arm,手臂,sjuq pieh,手臂 (sau2 bei6),腕 (うで),Arm,팔,brako,bras,brazo,cánh tay
shoulder,肩膀,ken bang,肩膀 (gin1 bong2),肩 (かた),Schulter,어깨,ŝultro,épaule,hombro,vai
heart,心脏,sim dzangh,心臟 (sam1 zong6),心臓 (しんぞう),Herz,심장,koro,cœur,corazón,trái tim
blood,血,hwet,血 (hyut3),血 (ち),Blut,피,sango,sangre,sangre,máu
brain,脑,nawq,腦 (nou5),脳 (のう),Gehirn,뇌,cerbo,cerveau,cerebro,não
knee,膝盖,sit kap,膝 (sat1),膝 (ひざ),Knie,무릎,genuo,genou,rodilla,gối
sweat,汗,kan,汗 (hon6),汗 (あせ),Schweiß,땀,sudo,transpiration,sudor,mồ hôi
disease,疾病,dzit byaengh,疾病 (zap1 beng6),病気 (びょうき),Krankheit,질병,malsano,maladie,enfermedad,bệnh
bone,骨头,kot dou,骨 (gwat1),骨 (ほね),Knochen,뼈,ostoj,os,hueso,xương
voice,声音,sjiaeng qyim,聲 (seng1),声 (こえ),Stimme,목소리,voĉo,voix,voz,giọng
skin,皮肤,bye puo,皮膚 (pei4 fu1),皮膚 (ひふ),Haut,피부,haŭto,peau,piel,da
smell,闻,munh,氣味 (hei3 mei6),嗅ぐ (かぐ),riechen,냄새를 맡다,odoro,sentir,oler,ngửi
taste,尝,djyang,味道 (mei6 dou6),味わう (あじわう),schmecken,맛보다,gustumo,goûter,saborear,thưởng thức
touch,触摸,tjhuok mo,觸摸 (cuk1 muk6),触る (さわる),berühren,만지다,tuŝo,toucher,tocar,chạm aanraken
类 3 KKSM - DMST djih koeuk,cmn,tupa,yue,ja,de,ko,eo,fr,es,vi
see (a bird),看见,khanh kenh,睇 (tai2),見る (みる),sehen,보다,vidi,voir,ver,thấy
watch (TV),看,khanh,睇 (tai2),見る (みる),schauen,보다,rigardi,regarder,ver,watch
blind,盲,maeng,瞎 (hat6),盲目 (もうもく),blind,맹인,blinda,aveugle,ciego,mùa
image,图像,do zyangq,影 (jing2),画像 (がぞう),Bild,이미지,bildo,image,imagen,hình ảnh
pattern,图案,do qanh,圖案 (tou4 on3),模様 (もよう),Muster,무늬,modelo,modèle,patrón,mẫu
draw,画,ghweek,畫 (waa2),描く (かく),zeichnen,그리다,desegni,dessiner,dibujar,vẽ
小类color,颜色,ngaen sryk,顏色 (ngaan4 sik1),色 (いろ),Farbe,색상,koloro,couleur,color,color
red,红色,ghoung sryk,紅 (hung4),赤 (あか),rot,빨간색,ruĝa,rouge,rojo,đỏ
green,绿色,luok sryk,綠 (lok6),緑 (みどり),grün,초록색,verda,vert,verde,xanh lá
blue (light),浅蓝色,tshienq lam sryk,藍 (laam5),水色 (みずいろ),hellblau,하늘색,hela blua,bleu claro,azul claro,xanh nhạt
blue (dark),深蓝色,sjimh lam sryk,藍 (laam5),紺色 (こんいろ),dunkelblau,짙은 파랑색,malhela blua,bleu foncé,azul oscuro,xanh đậm
yellow,黄色,ghwang sryk,黃 (wong4),黄 (きいろ),gelb,노란색,flava,jaune,amarillo,vàng
brown,棕色,tsoung sryk,啡 (fe1),茶色 (ちゃいろ),braun,갈색,bruna,marron,marrón,nâu
pink,粉红色,punq ghoung sryk,粉紅 (fan2 hung4),ピンク (pinku),rosa,분홍색,rozkolora,rose,rosa,hồng
orange,橙色,teongh sryk,橙 (caang2),オレンジ (orenji),orange,주황색,oranga,orange,naranja,da cam
black,黑色,heok sryk,黑 (hak1),黒 (くろ),schwarz,검은색,nigra,noir,negro,đen
white,白色,baek sryk,白 (baak6),白 (しろ),weiß,흰색,blanka,blanc,blanco,trắng
gray,灰色,hoj sryk,灰 (fo1),灰 (はい),grau,회색,griza,gris,gris,xám
类 3 KKSM - DMST theng koeuk,cmn,tupa,yue,ja,de,ko,eo,fr,es,vi
hear (a sound),听到,thengh tawh,聽 (ting1),聞く (きく),hören,들다,aŭdi,entendre,oir,nghe
listen (music),听,thengh,聆聽 (ling4 ting1),聴く (きく),hören,듣다,aŭskulti,écouter,escuchar,nghe
deaf,聋,loung,聾 (lung4),聾 (ろう),taub,귀머거리,surda,sourd,sordo,điếc
loud,大声,dajh sjiaeng,大聲 (daai6 seng1),大きい (おおきい),laut,시끄러운,laŭta,bruyant,alto,ồn ào
quiet,安静,qan dziaengq,寂靜 (zik6 zing6),静か (しずか),leise,조용한,trankvila,silencieux,tranquilo,yên tĩnh
sound,声音,sjiaeng qyim,聲音 (seng1 jam1),音 (おん),Klang,소리,sono,son,sonido,âm thanh
类 3 KKSM - DM miaeng tjhyng,cmn,tupa,yue,ja,de,ko,eo,fr,es,vi
小类animal,动物,doungq mut,動物 (dung6 mat6),動物 (どうぶつ),Tier,동물,besto,animal,animal,động vật
dog,狗,kouq,狗 (gau2),犬 (いぬ),Hund,개,hundo,chien,perro,chó
cat,猫,myew,貓 (maau1),猫 (ねこ),Katze,고양이,kato,chat,gato,mèo
fish,鱼,ngyo,魚 (jyu4),魚 (さかな),Fisch,물고기,fiŝo,poisson,pez,cá
bird,鸟,tewq,鳥 (niu5),鳥 (とり),Vogel,새,birdo,oiseau,pájaro,chim
cow,牛,ngu,牛 (ngau4),牛 (うし),Kuh,소,bovo,vache,vaca,bò
pig,猪,tryo,豬 (zyu1),豚 (ぶた),Schwein,돼지,porko,cochon,cerdo,lợn
mouse,老鼠,lawq sjyoq,老鼠 (lou5 syu2),ネズミ,Maus,쥐,muso,souris,rat,chuột
horse,马,maeq,馬 (maa5),馬 (うま),Pferd,말,ĉevalo,cheval,caballo,ngựa
wing,翅膀,sjieh bang,翼 (jik6),羽 (はね),Flügel,날개,flugilo,aile,ala,cánh
类 3 KKSM - djyk mut,cmn,tupa,yue,ja,de,ko,eo,fr,es,vi
类 4 KKNL,cmn,tupa,yue,ja,de,ko,eo,fr,es,vi
类 4 KKNL - njin lwih,cmn,tupa,yue,ja,de,ko,eo,fr,es,vi
Race (ethnicity),种族,tjuongq dzouk,種族 (zung2 zuk6),人種 (じんしゅ),Rasse,인종,raso,race,raza,chủng tộc
Sex (the act),性,siaengh,性行為 (sing3 haang4 wai4),セックス,Geschlecht,성별,sekso,sexe,sexo,giới tính
Sex (gender),性别,siaengh byet,性別 (sing3 bit6),性別 (せいべつ),Geschlecht,성별,sekso,sexe,sexo,giới tính
male,男,nom,男性 (naam4 sing3),男性 (だんせい),männlich,남성,viro,mâle,macho,nam
female,女,nryoq,女性 (neoi5 sing3),女性 (じょせい),weiblich,여성,virino,femelle,hembra,nữ
类 4 KKNL - gyonh khang,cmn,tupa,yue,ja,de,ko,eo,fr,es,vi
pain,痛,thoungh,痛 (tung3),痛み (いたみ),Schmerz,아픔,doloro,douleur,dolor,đau
injury,伤,sjyangh,受傷 (sau6 soeng1),怪我 (けが),Verletzung,부상,vundo,blessure,lesión,vết thương
kill,杀,sreet,殺 (saat3),殺す (ころす),töten,죽이다,mortigi,tuer,matar,giết
die,死,siq,死 (sei2),死ぬ (しぬ),sterben,죽다,morti,mourir,morir,chết
sick,生病,sryaengh byaengh,生病 (sang1 beng6),病気 (びょうき),krank,아픈,malsana,malade,enfermo,bệnh
healthy,健康,gyonh khang,健康 (gin6 hong1),健康 (けんこう),gesund,건강한,sana,en bonne santé,saludable,khỏe
dead,死,siq,死咗 (sei2 zo2),死んだ (しんだ),tot,죽은,morta,morto,muerto,chết
alive,活,kwat,活 (wut6),生きている (いきている),lebendig,살아있는,viva,vivant,vivo,sống
Death,死亡,siq muang,死亡 (sei2 mong4),死 (し),Tod,사망,morto,mort,muerte,chết
Medicine,药物,jyak mut,藥 (joek6),薬 (くすり),Medizin,의약품,medicino,médicament,medicina,thuốc
Poison,毒药,dok jyak,毒 (duk6),毒 (どく),Gift,독약,veneno,poison,veneno,thuốc độc
Drug,药物,jyak mut,藥物 (joek6 mat6),薬物 (やくぶつ),Droge,약,drogo,drogue,droga,thuốc
sleep,睡觉,djwieh kaewh,訓覺 (fan6 gaau3),眠る (ねむる),schlafen,자다,dormi,dormir,dormir,ngủ
wake up,醒,sengq,醒 (sing2),目が覚める (めがさめる),aufwachen,깨다,vekiĝi,se réveiller,despertar,wake up
Exercise,锻炼,twanh lenh,運動 (wan6 dung6),運動 (うんどう),Übung,운동,ekzerciĝi,exercice,ejercicio,tập luyện
Sport,运动,unh doungq,運動 (wan6 dung6),スポーツ,Sport,스포츠,sporto,sport,deporte,môn thể thao
类 4 KKNL - qyimq zjyk,cmn,tupa,yue,ja,de,ko,eo,fr,es,vi
eat,吃,khek,食 (sik6),食べる (たべる),essen,먹다,manĝi,manger,comer,ăn
drink,喝,qaejh,飲 (jam2),飲む (のむ),trinken,마시다,trinki,boire,beber,uống
feed,喂,qujh,餵 (wai5),養う (やしなう),füttern,먹이다,nutri,nourrir,alimentar,cho ăn
cook,煮,tjyoq,煮 (zyu2),料理する (りょうりする),kochen,요리하다,kuki,cuire,cocinar,nấu
小类beverage,饮料,qyimq lewh,飲品 (jam2 ban2),飲み物 (のみもの),Getränk,음료,trinkaĵo,boisson,bebida,đồ uống
coffee,咖啡,khae phojq,咖啡 (gaa1 fe1),コーヒー (こーひー),Kaffee,커피,kafo,café,café,cà phê
tea,茶,drae,茶 (caa4),お茶 (おちゃ),Tee,차,teo,thé,té,trà
wine,葡萄酒,bo daw tsuq,酒 (zau2),ワイン (わいん),Wein,와인,vino,vin,vino,rượu
beer,啤酒,bie tsuq,啤酒 (be1 zau2),ビール (びーる),Bier,맥주,biero,bière,cerveza,bia
juice,果汁,kwaq tjip,果汁 (gwo2 zik1),ジュース (じゅーす),Saft,주스,suko,jus,zumo,nước ép
water,水,sjwiq,水 (seoi2),水 (みず),Wasser,물,akvo,eau,agua,nước
milk,牛奶,ngu nreeq,牛奶 (ngau4 naai5),牛乳 (ぎゅうにゅう),Milch,우유,lakto,lait,leche,sữa
小类food,食物,zyh mut,食物 (sik6 mat6),食品 (しょくひん),Essen,음식,manĝaĵo,nourriture,comida,thức ăn
egg,蛋,danq,雞蛋 (gai1 daan6),卵 (たまご),Ei,계란,ovo,œuf,huevo,trứng
cheese,奶酪,nreeq lak,芝士 (zi1 si6),チーズ (ちーず),Käse,치즈,fromaĝo,fromage,queso,phô mai
bread,面包,menh paew,麵包 (min6 baau1),パン (ぱん),Brot,빵,pano,pain,pan,banh mi
soup,汤,thangh,湯 (tong1),スープ (すーぷ),Suppe,국,supo,soupe,sopa,súp
cake,蛋糕,danq kaw,蛋糕 (daan6 gou1),ケーキ (けーき),Kuchen,케이크,kuko,gâteau,pastel,bánh
chicken,鸡,kej,雞 (gai1),鶏肉 (とりにく),Huhn,닭,kokaĵo,poulet,pollo,gà
pork,猪肉,tryo njuk,豬肉 (zyu1 juk6),豚肉 (ぶたにく),Schweinefleisch,돼지고기,porko,porc,cerdo,thịt heo
beef,牛肉,ngu njuk,牛肉 (ngau4 juk6),牛肉 (ぎゅうにく),Rindfleisch,쇠고기,bovaĵo,boeuf,carne de res,bò
apple,苹果,bin kwaq,蘋果 (ping4 gwo2),リンゴ (りんご),Apfel,사과,pomujo,pomme,manzana,táo
banana,香蕉,hyang tsiew,香蕉 (hoeng1 ziu1),バナナ (ばなな),Banane,바나나,banano,banane,plátano,chuối
orange,橙子,teongh tsyq,橙 (caang2),オレンジ (おれんじ),Orange,오렌지,oranĝo,orange,naranja,cam
lemon,柠檬,nraengq moung,檸檬 (ning4 mung4),レモン (れもん),Zitrone,레몬,citrono,citron,limón,chanh
corn,玉米,nguok mejq,玉米 (juk6 mai5),トウモロコシ (とうもろこし),Mais,옥수수,maizo,maïs,maíz,bắp
rice,米饭,mejq buonq,飯 (faan6),ご飯 (ごはん),Reis,밥,rizo,riz,arroz,gạo
oil,油,juh,油 (jau4),油 (あぶら),Öl,기름,oleo,huile,aceite,dầu
seed,种子,tjuongq tsyq,籽 (zi2),種子 (たね),Samen,씨앗,semo,graine,semilla,hạt
knife,刀,taw,刀 (dou1),ナイフ (ないふ),Messer,칼,tranĉiĝi,couteau,cuchillo,dao
spoon,匙,djie,湯匙 (tong1 si4),スプーン (supuun),Löffel,숟가락,kulero,cuillère,cuchara,thìa
fork,叉,tsrhee,叉 (caa1),フォーク (ふぉーく),Gabel,포크,forko,fourchette,tenedor,nĩm
plate,盘子,ban tsyq,碟 (dip6),皿 (さら),Teller,접시,telero,assiette,plato,dĩa
cup,杯子,poj tsyq,杯 (bui1),カップ (かっぷ),Tasse,컵,taso,tasse,taza,cốc
breakfast,早餐,tsawq tshan,早餐 (zou2 caan1),朝食 (ちょうしょく),Frühstück,아침식사,matenmanĝo,petit-déjeuner,desayuno,bữa sáng
lunch,午餐,ngoq tshan,午餐 (ng5 caan1),昼食 (ちゅうしょく),Mittagessen,점심식사,tagmanĝo,déjeuner,almuerzo,bữa trưa
dinner,晚餐,muonq tshan,晚餐 (maan5 caan1),夕食 (ゆうしょく),Abendessen,저녁식사,vespermangho,dîner,cena,bữa tối
sugar,糖,dang,糖 (tong4),砂糖 (さとう),Zucker,설탕,sukero,sucre,azúcar,đường
salt,盐,jiemh,鹽 (jam4),塩 (しお),Salz,소금,salo,sel,sal,s muối
bottle,瓶子,beng tsyq,樽 (zeon1),ボトル (ぼとる),Flasche,병,botelo,bouteille,botella,chai
类 4 KKNL - qyj mut,cmn,tupa,yue,ja,de,ko,eo,fr,es,vi
wear,穿,tjhwienh,穿 (cyun1),着る (きる),tragen,입다,vesti,porter,llevar,mặc
小类clothing,衣物,qyjh mut,衣物 (ji1 mat6),衣類 (いるい),Kleidung,의류,vestaĵo,vêtement,ropa,quần áo
hat,帽子,mawh tsyq,帽子 (mou6 zi2),帽子 (ぼうし),Hut,모자,ĉapelo,chapeau,sombrero,mũ
dress,连衣裙,lien qyjh gun,裙 (kwan4),ドレス (doresu),Kleid,드레스,robo,robe,vestido,áo liền
suit,西装,sej tsryangh,西裝 (sai1 zong1),スーツ (sūtsu),Anzug,정장,kostumo,costume,traje,áo vest
skirt,裙子,gun tsyq,裙 (kwan4),スカート (sukāto),Rock,치마,jupo,jupe,falda,chân váy
shirt,衬衫,tsrhyinh sraem,襯衫 (cin3 saam1),シャツ (shatsu),Hemd,셔츠,ĉemizo,chemise,camisa,áo sơ mi
T-shirt,T恤,tupa swit,T恤 (T seot1),Tシャツ (T shatsu),T-Shirt,T셔츠,T-ĉemizo,T-shirt,camiseta,áo phông
pants,裤子,khoh tsyq,長褲 (coeng4 fu3),パンツ (pantsu),Hose,바지,pantalonoj,pantalon,pantalones,quần
shoes,鞋,gheej,鞋 (haai4),靴 (くつ),Schuhe,신발,ŝuoj,chaussures,zapatos,giày
pocket,口袋,khouq deojh,口袋 (hau2 doi6),ポケット (poketto),Tasche,포켓,poŝo,poches,bolsillo,ngăn túi
coat,外套,ngwajh thawh,外套 (ngoi6 tou3),コート (kōto),Mantel,코트,mantelo,manteau,abrigo,áo khoác
stain,污点,qo temq,污漬 (wu1 zik1),シミ (shimi),Fleck,얼룩,makulo,tache,mancha,vết bẩn
类 4 KKNL - juongh phyimq,cmn,tupa,yue,ja,de,ko,eo,fr,es,vi
piece,片,phenh,塊(faai3),部分 (ぶぶん),Stück,조각,peco,morceau,pedazo,mảnh
clean,干净,kan dziaengq,乾淨 (gon1 zeng6),きれい (kirei),sauber,깨끗한,pura,propre,limpio,sạch
dirty,脏,tsangq,骯髒 (ong1 zoeng1),汚い (きたない),schmutzig,더러운,malpura,sale,sucio,bẩn
小类electronics,电子产品,denh tsyq sreenq phyimq,電子產品 (din6 zi2 caan2 ban2),電子製品,Elektronik,전자제품,elektroniko,électronique,electrónica,điện tử
clock,时钟,djy tjuong,鐘 (zung1),時計,Uhr,시계,horloĝo,horloge,reloj,đồng hồ
lamp,台灯,deoj teong,燈 (dang1),ランプ,Lampe,전등,lampo,lampe,lámpara,đèn
fan,风扇,pungh sjienh,風扇 (fung1 sin1),扇風機,Ventilator,선풍기,ventumilo,ventilateur,ventilador,quạt
cell phone,手机,sjuq kyj,手機 (sau2 gei1),携帯電話,Handy,핸드폰,mobiltelefono,téléphone portable,teléfono móvil,điện thoại di động
network,网络,muangq lak,網絡 (mong5 lok6),ネットワーク,Netzwerk,네트워크,reto,réseau,red,mạng
computer,电脑,denh nawq,電腦 (din6 nou5),コンピューター,Computer,컴퓨터,komputilo,ordinateur,computadora,máy tính
program,程序,driaeng zyoq,程式 (cing4 sik1),プログラム,Programm,프로그램,programo,programme,programa,chương trình
laptop,笔记本电脑,pyit kyh ponq denh nawq,筆記本電腦 (bat1 gei1 bun2 din6 nou5),ノートパソコン,Laptop,노트북,komputileto,ordinateur portable,portátil,máy tính xách tay
screen,屏幕,piaengq mak,屏幕 (ping4 mun5),スクリーン,Bildschirm,화면,ekrano,écran,pantalla,màn hình
camera,相机,syangh kyj,相機 (soeng1 gei1),カメラ,Kamera,카메라,fotilo,caméra,cámara,máy ảnh
television,电视,denh djiq,電視 (din6 si6),テレビ,Fernseher,텔레비전,televidilo,télévision,televisión,ti vi
radio,收音机,sjuh qyim kyj,收音機 (sau1 jam1 gei1),ラジオ,Radio,라디오,radio,radio,radio,đài radio
小类materials,材料,dzeoj lewh,物料 (mat6 liu6),素材 (そざい),Material,재료,materialoj,matériaux,materiales,vật liệu
glass,玻璃,pha lie,玻璃 (bo1 lei4),ガラス (がらす),Glas,유리,vitro,verre,vidrio,kính
metal,金属,kyim tjuok,金屬 (gam1 suk6),金属 (きんぞく),Metall,금속,metalo,métal,metal,kim loại
plastic,塑料,soh lewh,塑料 (so1 lik6),プラスチック (ぷらすちっく),Plastik,플라스틱,plastiko,plastique,plástico,nhựa
wood,木材,mouk dzeoj,木 (muk6),木材 (もくざい),Holz,나무,ligno,bois,madera,gỗ
stone,石头,djiaek dou,石 (seot6),石 (いし),Stein,돌,ŝtono,pierre,piedra,đá
diamond,钻石,tswanh djiaek,鑽石 (zyun1 sek6),ダイヤモンド (だいやもんど),Diamant,다이아몬드,diamanto,diamant,diamante,kim cương
clay,黏土,nriem thoq,黏土 (nim4 tou5),粘土 (ねんど),Ton,점토,argilo,argile,arcilla,gạch
dust,灰尘,hoj drin,塵土 (can4 tou5),ほこり (hokori),Staub,먼지,polvo,poussière,polvo,bụi
gold,黄金,ghwang kyim,金 (gam1),金 (きん),Gold,금,oro,or,oro,vàng
copper,铜,doung,銅 (tung4),銅 (どう),Kupfer,구리,kupro,cuivre,cobre,đồng
silver,银,ngyin,銀 (ngan4),銀 (ぎん),Silber,은,arĝento,argent,plata,bạc
小类待分home,家,kae,家居 (gaa1 geoi1),家 (いえ),Zuhause,집,hejmo,maison,casa,nhà
table,桌子,troeuk tsyq,桌子 (coek3 zi2),机 (つくえ),Tisch,탁자,tablo,table,mesa,bàn
chair,椅子,qyeq tsyq,椅子 (ji5 zi2),椅子 (いす),Stuhl,의자,seĝo,chaise,silla,ghế
bed,床,dzryang,床 (cong4),ベッド (べっど),Bett,침대,lito,lit,cama,giường
dream,梦,mungh,夢 (mung6),夢 (ゆめ),Traum,꿈,sonĝo,rêve,sueño,giấc mơ
window,窗,tsrhoeung,窗戶 (coeng4 wu6),窓 (まど),Fenster,창,fenestro,fenêtre,ventana,cửa sổ
door,门,mon,門 (mun4),ドア (どあ),Tür,문,pordo,porte,puerta,cửa
bedroom,卧室,ngwah sjit,臥室 (ngo6 sat1),寝室 (しんしつ),Schlafzimmer,침실,dormoĉambro,chambre,dormitorio,phòng ngủ
kitchen,厨房,druo buang,廚房 (co4 fong2),キッチン (きっちん),Küche,부엌,kuirejo,cuisine,cocina,bếp
bathroom,浴室,juok sjit,浴室 (juk6 sat1),浴室 (よくしつ),Badezimmer,욕실,banejo,salle de bain,baño,phòng tắm
pencil,铅笔,jwien pyit,鉛筆 (jin1 bat1),鉛筆 (えんぴつ),Bleistift,연필,krajono,crayon,lápiz,bút chì
pen,钢笔,kang pyit,筆 (bat1),万年筆 (まんねんひつ),Füller,펜,plumo,stylo,pluma,bút mực
photograph,照片,tjiewh phenh,照片 (ziu3 pin2),写真 (しゃしん),Fotografie,사진,fotografaĵo,photographie,fotografía,ảnh
soap,肥皂,buj dzawq,肥皂 (fei4 zou6),石けん (せっけん),Seife,비누,sapo,savon,jabón,xà phòng
book,书,sjyo,書 (syu1),本 (ほん),Buch,책,libro,livre,libro,sách
page,页,ghet,頁 (jip6),ページ (ぺーじ),Seite,페이지,paĝo,page,página,trang
key,钥匙,jyak djie,鎖匙 (so2 ci4),鍵 (かぎ),Schlüssel,열쇠,ŝlosilo,clé,llave,chìa khóa
paint,颜料,ngaen lewh,顏料 (ngaan4 lei6),絵の具 (えのぐ),Farbe,페인트,farbo,peinture,pintura,sơn
letter,信,sinh,信 (seon3),手紙 (てがみ),Brief,편지,letero,lettre,carta,thư
note,笔记,pyit kyh,便條 (bin6 tiu4),ノート (のーと),Notiz,노트,noto,note,nota,ghi chú
wall,墙,dzyang,牆 (coeng4),壁 (かべ),Wand,벽,muro,mur,pared,tường
paper,纸,tjieq,紙 (zi2),紙 (かみ),Papier,종이,papero,papier,papel,gia
floor,地板,dih paenq,地板 (dei6 baan2),床 (ゆか),Boden,바닥,planko,sol,suelo,sàn
ceiling,天花板,then hwae paenq,天花板 (tin1 faa1 baan2),天井 (てんじょう),Decke,천장,plafono,plafond,techo,trần
roof,屋顶,qouk tengq,屋頂 (nguk1 ding2),屋根 (やね),Dach,지붕,tegmento,toit,techo,mái nhà
pool,游泳池,ju uaengh drie,泳池 (wing6 ci4),プール (ぷーる),Pool,수영장,naĝejo,piscine,piscina,bể bơi
lock,锁,swaq,鎖 (so2),鍵 (かぎ),Schloss,자물쇠,seruro,serrure,cerradura,khóa
telephone,电话,denh ghwaejh,電話 (din6 waa2),電話 (でんわ),Telefon,전화,telefono,téléphone,teléfono,điện thoại
garden,花园,hwae uon,花園 (faa1 jyun4),庭園 (ていえん),Garten,정원,ĝardeno,jardin,jardín,sân vườn
yard,院子,uenh tsyq,院子 (jyun6 zi2),庭 (てい),Hof,마당,korto,cour,patio,sân
needle,针,tjim,針 (zam1),針 (はり),Nadel,바늘,fingrontruiro,aiguille,aguja,kim
bag,袋子,deojh tsyq,袋 (doi6),袋 (ふくろ),Tasche,가방,sako,sac,bolsa,túi
box,盒子,ghop tsyq,盒子 (hap6 zi2),箱 (はこ),Schachtel,상자,skatolo,boîte,caja,hộp
gift,礼物,lejq mut,禮物 (lai5 mat6),贈り物 (おくりもの),Geschenk,선물,donaco,cadeau,regalo,quà
card,卡片,khaeq phenh,卡片 (kaat1 pin2),カード (かーど),Karte,카드,karto,carte,tarjeta,thẻ
ring,戒指,keejh tjiq,戒指 (gaai3 zi1),指輪 (ゆびわ),Ring,반지,ringo,bague,anillo,chiếc nhẫn
tool,工具,koung guoh,工具 (gung1 geoi6),道具 (どうぐ),Werkzeug,도구,ilo,outil,herramienta,dụng cụ
类 4 KKNL - kyonh truk,cmn,tupa,yue,ja,de,ko,eo,fr,es,vi
build,建造,kyonh tshawh,建 (gin3),建てる (たてる),bauen,지으다,konstrui,construire,construir,xây dựng
小类待分location,位置,uih tryh,地點 (dei6 diu6),場所 (ばしょ),Ort,위치,loko,emplacement,ubicación,vị trí
city,城市,djiaeng djyq,城市 (sing4 si5),都市 (とし),Stadt,도시,urbo,ville,ciudad,thành phố
house,房子,buang tsyq,屋企 (uk1 kei5),家 (いえ),Haus,집,domo,maison,casa,nhà
apartment,公寓,koung nguoh,公寓 (gung1 jip3),アパート,Apartment,아파트,apartamento,appartement,apartamento,chung cư
street/road,街道,keej dawq,街 (gaai1),道路 (どうろ),Straße,도로,strato,rue,calle,đường-địa phương
airport,机场,kyj dryang,機場 (gei1 coeng4),空港 (くうこう),Flughafen,공항,flughaveno,aéroport,aeropuerto,sân bay
train station,火车站,hwaq tjhiae treemh,火車站 (fo2 ce1 zaam6),駅 (えき),Bahnhof,기차역,trajn-stacio,gare,estación,nhà ga
bridge,桥,gyew,橋 (kiu4),橋 (はし),Brücke,다리,ponto,pont,puente,cầu
hotel,酒店,tsuq temh,酒店 (zau2 dim3),ホテル,Hotel,호텔,hotelo,hôtel,hotel,khách sạn
restaurant,餐馆,tshan kwanh,餐廳 (caan1 teng1),レストラン,Restaurant,레스토랑,restoracio,restaurant,restaurante,nhà hàng
farm,农场,nong dryang,農場 (nong4 coeng4),農場 (のうじょう),Bauernhof,농장,farmo,ferme,granja,nông trại
court,法院,puop uenh,法院 (faat3 jyun6),裁判所 (さいばんしょ),Gericht,법원,kortumo,tribunal,tribunal,tòa án
school,学校,ghoeuk ghaewh,學校 (hok6 haau6),学校 (がっこう),Schule,학교,lernejo,école,escuela,trường
office,办公室,beenh koung sjit,辦公室 (baan6 gung1 sat1),オフィス,Büro,사무실,oficejo,bureau,oficina,văn phòng
room,房间,buang keenh,房間 (fong2 gaan1),部屋 (へや),Zimmer,방,ĉambro,chambre,cuarto,phòng
town,镇,trinh,市鎮 (si5 zan3),町 (ちょう),Stadt,마을,urbo,village,pueblo,thị trấn
university,大学,dajh ghoeuk,大學 (daai6 hok6),大学 (だいがく),Universität,대학교,universitato,université,universidad,đại học
club,俱乐部,kuo ngoeuk bouq,會所 (wui5 so2),クラブ,Verein,클럽,klubo,club,club,clb
bar,酒吧,tsuq phae,酒吧 (zau2 baa1),バー,Bar,바,baro,bar,bar,quán bar
park,公园,koung uon,公園 (gung1 jyun2),公園 (こうえん),Park,공원,parko,parc,parque,công viên
camp,营地,jwiaeng dih,營地 (jing4 dei6),キャンプ,Lager,캠프,tendaro,campamento,camp,trại khu
store/shop,商店,sjyang temh,商店 (soeng1 dim3),店舗 (てんぽ),Geschäft,상점,butiko,magasin,tienda,cửa hàng
theater,剧院,gyaek uenh,劇院 (kek6 jyun6),劇場 (げきじょう),Theater,극장,teatro,théâtre,teatro,rạp hát
library,图书馆,do sjyo kwanh,圖書館 (tou4 syu1 gun2),図書館 (としょかん),Bibliothek,도서관,biblioteko,bibliothèque,biblioteca,thư viện
hospital,医院,qy uenh,醫院 (ji1 jyun2),病院 (びょういん),Krankenhaus,병원,hospitalo,hôpital,hospital,bệnh viện
church,教堂,kaewh dang,教堂 (gaau3 tong4),教会 (きょうかい),Kirche,교회,preĝejo,église,iglesia,nhà thờ
market,市场,djyq dryang,市場 (si5 coeng4),市場 (いちば),Markt,시장,merkato,marché,mercado,chợ
country,国家,kweok kae,國家 (gwok3 gaa1),国 (くに),Land,나라,lando,pays,país,quốc gia
building,建筑物,kyonh truk mut,樓 (lau4),建物 (たてもの),Gebäude,건물,konstruaĵo,bâtiment,edificio,toà nhà
ground,地面,dih mienh,地 (dei6),地面 (じめん),Boden,땅,grundo,sol,suelo,mặt đất
space (outer space),太空,thajh khoung,太空 (taai3 hung1),宇宙 (うちゅう),Weltraum,우주,spaco,espace,espacio,không gian
bank,银行,ngyin ghang,銀行 (ngan4 hong4),銀行 (ぎんこう),Bank,은행,banko,banque,banco,ngân hàng
类 5 NLUJ,cmn,tupa,yue,ja,de,ko,eo,fr,es,vi
类 5 NLUJ - kaew thoung,cmn,tupa,yue,ja,de,ko,eo,fr,es,vi
walk,走,tsouq,走 (zou2),歩く (あるく),gehen,걷다,promeni,marcher,caminar,đi bộ
run,跑,phaewq,跑 (paau2),走る (はしる),rennen,달리다,kuri,courir,correr,chạy
jump,跳,dew,跳 (tiu3),跳ぶ (とぶ),springen,점프하다,salti,sauter,saltar,nhảy
pass by,经过,keng kwa,經過 (ging1 gwo3),通り過ぎる (とおりすぎる),vorbeigehen,지나가다,trapasi,passer,passar,lướt qua
drive,开车,kheoj tjhiae,開車 (hoi1 ce1),運転する (うんてんする),fahren,운전하다,konduki,conduire,conducir,lái xe
fly,飞,puj,飛 (fei1),飛ぶ (とぶ),fliegen,날다,flugi,voler,volar,bay
swim,游泳,ju uaengh,游泳 (jau4 wing6),泳ぐ (およぐ),schwimmen,수영하다,naĝi,nager,nadar,bơi
go,去,khyoq,去 (heoi3),行く (いく),gehen,가다,iri,aller,ir,đi
stop,停,deng,停止 (ting4 zi2),止まる (とまる),halten,멈추다,halti,arrêter,detener,dừng
sit,坐,dzwaq,坐 (co5),座る (すわる),sitzen,앉다,sidi,asseoir,sentarse,ngồi
stand,站,treemh,站 (zaam6),立つ (たつ),stehen,서다,stari,se tenir debout,estar de pie,đứng
lie down,躺下,thangq ghaeq,躺 (tong2),横になる (よこになる),sich hinlegen,누워 있다,kuŝi,s'allonger,tumbarse,nằm
turn,转动,trwienq doungq,轉 (zyun2),回す (まわす),drehen,돌리다,turni,tourner,girar,xoay
fall,摔倒,sruit tawq,跌 (dit3),落ちる (おちる),fallen,떨어지다,fali,tomber,caer,rơi
follow,跟随,keon zwie,跟隨 (gan1 ceoi4),従う (したがう),folgen,따르다,sekvi,suivre,seguir,theo
小类transportation,交通,kaew thoung,交通工具 (gaau1 tung1 gung1 geoi6),交通 (こうつう),Transport,교통,transporto,transport,transporte,giao thông
train,火车,hwaq tjhiae,火車 (fo2 ce1),電車 (でんしゃ),Zug,기차,trajno,train,tren,tàu
plane,飞机,puj kyj,飛機 (fei1 gei1),飛行機 (ひこうき),Flugzeug,비행기,aviadilo,avion,avión,máy bay
car,汽车,khyjh tjhiae,汽車 (hei3 ce1),車 (くるま),Auto,차,aŭto,voiture,coche,xe hơi
truck,卡车,khaeq tjhiae,卡車 (kaa1 ce1),トラック,LKW,트럭,kamiono,camion,camión,xe tải
bicycle,自行车,dzih ghaeng tjhiae,單車 (daan1 ce1),自転車 (じてんしゃ),Fahrrad,자전거,biciklo,vélo,bicicleta,xe đạp
bus,公共汽车,koung guongh khyjh tjhiae,巴士 (baa1 si6),バス,Bus,버스,aŭtobuso,bus,autobús,xe buýt
boat,船,zjwien,船 (syun4),ボート,Boot,배,boato,bateau,barco,thuyền
ship,船,zjwien,船 (syuèn),船 (ふね),Schiff,선박,ŝipo,bateau,barco,tàu
tire,轮胎,lwin theoj,車輪 (ce1 leon4),タイヤ,Reifen,타이어,pneŭmo,pneu,llanta,lốp
gasoline,汽油,khyjh juh,汽油 (hei3 jau4),ガソリン,Benzin,휘발유,benzino,essence,gasolina,xăng
engine,引擎,jinq gyaeng,引擎 (jan5 keng4),エンジン,Motor,엔진,motoro,moteur,motor,động cơ
(train) ticket,火车票,hwaq tjhiae phiewh,(火車)車票 (fo2 ce1 ce1 piu3),切符 (きっぷ),Fahrkarte,기차표,bileto,billet,billete,vé xe lửa
类 5 NLUJ - lyoq driaeng,cmn,tupa,yue,ja,de,ko,eo,fr,es,vi
类 6 NLGD,cmn,tupa,yue,ja,de,ko,eo,fr,es,vi
类 6 NLGD - tsoh dzryh,cmn,tupa,yue,ja,de,ko,eo,fr,es,vi
work,工作,koung tsoh,工作 (gung1 zok3),働く (はたらく),arbeiten,일하다,labori,travailler,trabajar,làm việc
shoot(a gun),射击,zjiaek kek,射擊 (se6 gik1),撃つ (うつ),schießen,쏘다,pafi,tirer,disparar,bắn
dig,挖,qweet,挖 (waa2),掘る (ほる),graben,파다,fosi,creuser,cavar,khắc
cut,剪,tsienq,切 (cit3),切る (きる),schneiden,자르다,tondi,couper,cortar,cắt
fight,打架,tengq kaeh,打鬥 (daa2 dau3),戦う (たたかう),kämpfen,싸우다,batali,se battre,pelear,chiến đấu
win,赢,jiaeng,贏 (jing4),勝つ (かつ),gewinnen,이기다,venki,gagner,ganar,thắng
lose,输,sjuoh,輸 (syu1),負ける (まける),verlieren,지다,malvenki,perdre,perder,thua
mix/stir,搅拌,kaewq phan,攪拌 (gaau2 bun2),混ぜる (まぜる),mischen,섞다,miksi,mélanger,mezclar,trộn
bend,弯曲,qwaen khuok,彎曲 (waan1 kug1),曲げる (まげる),biegen,구부리다,faldi,plier,doblar,uốn
wash,洗,senq,洗 (sai2),洗う (あらう),waschen,씻다,lavi,laver,lavar,giặt
open,打开,tengq kheoj,開 (hoi1),開く (あく),öffnen,열다,malfermi,ouvrir,abrir,mở
close,关闭,kwaen pet,關 (gwaan1),閉じる (とじる),schließen,닫다,fermi,fermer,cerrar,đóng
call,打电话,tengq denh ghwaejh,打電話 (daa2 din6 waa2),電話する (でんわする),anrufen,전화하다,voki,appeler,llamar,gọi
catch,捕捉,boh tsroeuk,捉 (zoek3),捕まえる (つかまえる),fangen,잡다,kapti,attraper,atrapar,bắt
throw,扔,njyngh,投 (tau4),投げる (なげる),werfen,던지다,ĵeti,jeter,lanzar,ném
clean,清洁,tshiaeng ket,清潔 (cing1 git3),きれいにする (きれいにする),reinigen,청소하다,purigi,nettoyer,limpiar,lau
find,找到,tsraewq tawh,尋找 (cam4 soeng4),見つける (みつける),finden,찾다,trovi,trouver,encontrar,tìm
push,推,tjhwi,推 (teoi1),押す (おす),drücken,밀다,puŝi,pousser,empujar,đẩy
pull,拉,lop,拉 (laai1),引っ張る (hikitsuru),ziehen,당기다,tiri,tirer,tirar,kéo
carry,携带,ghwej tajh,攜帶 (keoi4 doi6),運ぶ (はこぶ),tragen,나르다,porti,porter,llevar,mang
break,打破,tengq phah,破壞 (po3 waai6),壊す (こわす),brechen,부수다,rompi,casser,romper,đập
hang,挂,kweeh,掛 (gwaa3),かける (かける),hängen,걸다,pendi,accrocher,colgar,treo
shake,摇,jiewh,搖 (jiu1),振る (ふる),schütteln,흔들다,skui,secouer,agitar,lắc
beat,打,tengq,打 (daa2),打つ (うつ),schlagen,두드리다,bati,battre,golpear,đánh
lift,抬起,deoj khyq,舉 (geoi2),持ち上げる (もちあげる),heben,들다,levi,lever,sostener,nâng
team,团队,dwan dojh,隊伍 (deoi6 mou5),チーム,Team,팀,teamo,équipe,equipo,nhóm
election,选举,swienq kyoq,選舉 (syun2 geoi2),選挙 (せんきょ),Wahl,선거,elekto,élection,elección,cử tri
类 6 NLGD - koung guoh,cmn,tupa,yue,ja,de,ko,eo,fr,es,vi
类 6 NLGD - kaewh juk,cmn,tupa,yue,ja,de,ko,eo,fr,es,vi
learn,学,ghoeuk,学 (hok6),学ぶ (まなぶ),lernen,배우다,lerni,apprendre,aprender,học
teach,教,kaewh,教 (gaau3),教える (おしえる),lehren,가르치다,instrui,enseigner,enseñar,dạy
类 6 NLGD - koung tsak,cmn,tupa,yue,ja,de,ko,eo,fr,es,vi
小类Job,工作,koung tsoh,職業 (zik1 jim6),仕事 (しごと),Beruf,직업,laboro,métier,trabajo,công việc
Teacher,老师,lawq sryi,老師 (lou5 si1),先生 (せんせい),Lehrer,선생님,instruisto,professeur,profesor,giáo viên
Student,学生,ghoeuk sryaengh,學生 (hok6 sang1),学生 (がくせい),Schüler,학생,studento,étudiant,estudiante,sinh viên
Lawyer,律师,lwit sryi,律師 (leot6 si6),弁護士 (べんごし),Anwalt,변호사,advokato,avocat,abogado,luật sư
Doctor,医生,qy sryaengh,醫生 (ji1 sang1),医者 (いしゃ),Arzt,의사,kuracisto,médecin,médico,bác sĩ
Patient,病人,byaengh njin,病人 (beng6 jan4),患者 (かんじゃ),Patient,환자,paciento,patient,paciente,bệnh nhân
Waiter,服务员,buk muoh un,侍應生 (si6 jing5 sang1),ウェイター,Kellner,웨이터,kelnero,serveur,camarero,đầu bếp
Secretary,秘书,pyih sjyo,秘書 (bei3 syu1),秘書 (ひしょ),Sekretär,비서,sekretario,secrétaire,secretario,thư ký
Priest,神父,zjin puoq,神父 (san4 fu6),神父 (しんぷ),Priester,신부,pastro,prêtre,padre,cha sứ
Police,警察,kyaengq tsrheet,警察 (ging2 caat3),警察 (けいさつ),Polizei,경찰,policano,police,policía,cảnh sát
Army,军队,kun dojh,軍隊 (gwan1 deoi6),軍 (ぐん),Armee,군대,armeo,armée,ejército,quân đội
Soldier,士兵,dzryq pyaeng,士兵 (si6 bing1),兵士 (へいし),Soldat,병사,soldato,soldat,soldado,chiến sĩ
Artist,艺术家,ngiejh zjwit kae,藝術家 (ngai6 seot6 ga1),芸術家 (げいじゅつか),Künstler,예술가,artisto,artiste,artista,nghệ sĩ
Author,作者,tsoh tjiaeq,作家 (zok3 gaa1),著者 (ちょしゃ),Autor,작가,verkisto,auteur,autor,tác giả
Manager,经理,kengh lyq,經理 (ging1 lei5),マネージャー,Manager,매니저,manaĝero,manager,gerente,quản lý
Reporter,记者,kyh tjiaeq,記者 (gei3 ze2),レポーター,Reporter,기자,raportisto,journaliste,reportero,phóng viên
Actor,演员,jienq un,演員 (jin2 jyun4),俳優 (はいゆう),Schauspieler,배우,aktoro,acteur,actor,diễn viên
类 6 NLGD - keng tsejh,cmn,tupa,yue,ja,de,ko,eo,fr,es,vi
money,钱,tsienq,錢 (cin2),お金 (おかね),Geld,돈,mono,argent,dinero,tiền
dollar,美元,myiq nguon,美金 (mei5 gam1),ドル,Dollar,달러,dolaro,dollar,dólar,đô la
bill,账单,tryangh tan,鈔票 (ciu1 piu3),請求書 (きんがくしょ),Rechnung,청구서,fakturo,facture,factura,hóa đơn
price,价格,kaeh kak,價錢 (gaa3 cin2),価格 (かかく),Preis,가격,prezo,prix,precio,giá
contract,合同,kop doung,合同 (hap6 tung4),契約 (けいやく),Vertrag,계약,kontrakto,contrat,contrato,hợp đồng
buy,买,meeq,購買 (gau3 maai5),買う (かう),kaufen,사다,aĉeti,acheter,comprar,mua
pay,付款,puoh khwanq,支付 (fu6 zik6),支払う (しはらう),bezahlen,지불하다,pagi,payer,pagar,trả tiền
sell,卖,meeh,出售 (ceot1 sau6),売る (うる),verkaufen,팔다,vendi,vendre,vender,bán
sign,签署,tshiem djyoh,簽署 (cin4 syu5),サインする (さいんする),unterschreiben,서명하다,subskribi,signer,firmar,đánh dấu
rich,有钱,uq tsienq,富有 (fu3 jau5),金持ち (かねもち),reich,부자인,riĉa,riche,rico,giàu
poor,穷,gung,貧窮 (pan4 kung4),貧乏 (びんぼう),arm,가난한,malriĉa,pauvre,pobre,nghèo
expensive,贵,kujh,昂貴 (ngong4 gwai3),高い (たかい),teuer,비싼,kara,cher,caro,mắc
cheap,便宜,bienh ngye,便宜 (bin6 ji5),安い (やすい),billig,싼,malmulta,bon marché,barato,rẻ
类 7 NLTK,cmn,tupa,yue,ja,de,ko,eo,fr,es,vi
类 7 NLTK - trie sjyk,cmn,tupa,yue,ja,de,ko,eo,fr,es,vi
science,科学,khwah ghoeuk,科學 (fo1 hok6),科学 (かがく),Wissenschaft,과학,scienco,science,ciencia,khoa học
technology,技术,gyeq zjwit,科技 (fo1 gei6),テクノロジー,Technologie,기술,teknologio,technologie,tecnología,công nghệ
类 7 NLTK - sy jwi,cmn,tupa,yue,ja,de,ko,eo,fr,es,vi
think,想,syangq,諗 (lam6),考える (かんがえる),denken,생각하다,pensi,penser,pensar,suy nghĩ
religion,宗教,tsong kaewh,宗教 (zung1 gaau3),宗教 (しゅうきょう),Religion,종교,religio,religion,religión,tôn giáo
heaven,天堂,then dang,天堂 (tin1 tong4),天国 (てんごく),Himmel,천국,ĉielo,cieux,cielo,thiên đường
hell,地狱,dih nguok,地獄 (dei6 juk6),地獄 (じごく),Hölle,지옥,infero,enfer,infierno,địa ngục
god,神,zjin,神 (san4),神 (かみ),Gott,신,dio,Dieu,Dios,Thượng đế
pray,祈祷,gyj tawq,祈禱 (kei4 dou6),祈る (いのる),beten,기도하다,preĝi,prier,rezar,cầu nguyện
类 7 NLTK - ngyon mun,cmn,tupa,yue,ja,de,ko,eo,fr,es,vi
speak/say,说,sjwiet,說 / 講 (soeng2 / gong2),話す (はなす),sprechen,말하다,paroli,parler,hablar,nói
write,写,siaeq,寫 (se2),書く (かく),schreiben,쓰다,skribi,écrire,escribir,viết
consonant,辅音,buoq qyim,子音 (zi2 jam1),子音 (しいん),Konsonant,자음,konsonanto,consonne,consonante,phụ âm
vowel,元音,nguon qyim,母音 (mou5 jam1),母音 (ぼいん),Vokal,모음,vokalo,voyelle,vocal,nguyên âm
noun,名词,miaeng zy,名詞 (ming4 ci4),名詞 (めいし),Substantiv,명사,substantivo,nom,sustantivo,danh từ
verb,动词,doungq zy,動詞 (dung6 ci4),動詞 (どうし),Verb,동사,verbo,verbe,verbo,động từ
adjective,形容词,gheng juong zy,形容詞 (jing4 jung4 ci4),形容詞 (けいようし),Adjektiv,형용사,adjektivo,adjectif,adjetivo,tính từ
sign,标志,piewq tjyh,標誌 (biu1 zi6),サイン,Zeichen,표지,signo,signe,seña,biểu tượng
magazine,杂志,dzop tjyh,雜誌 (zaap6 zi3),雑誌 (ざっし),Magazin,잡지,revuo,magazine,revista,tạp chí
newspaper,报纸,pawh tjieq,報紙 (bou3 zi2),新聞 (しんぶん),Zeitung,신문,gazeto,journal,journal,báo chí
类 7 NLTK - sjyk phanh,cmn,tupa,yue,ja,de,ko,eo,fr,es,vi
good,好,hawq,好 (hou2),いい (いい),gut,좋은,bona,bon,bueno,tốt
bad,坏,kweejh,壞 (waai6),悪い (わるい),schlecht,나쁜,malbona,mauvais,malo,xấu
yes,是,djieq,係 (hai6) / 唔係 (m4 hai6),はい (hai),Ja,네,jes,oui,sí,vâng
no,不是,put djieq,唔係 (m4 hai6),いいえ (iie),Nein,아니오,ne,non,no,không
beautiful,美丽,myiq lie,靚 (leng3),美しい (うつくしい),schön,아름다운,bela,beau,hermoso,đẹp
ugly,丑,tjhuq,醜 (cuk1),醜い (みにくい),hässlich,추한,malbela,laid,feo,xấu
famous,著名,tryoh miaeng,有名 (jau5 meng2),有名 (ゆうめい),berühmt,유명한,fama,célèbre,famoso,nổi tiếng
nice,好,hawq,好 (hou2),いい (ii),nett,좋은,aminda,gentil,amable,tốt
mean,刻薄,kheok bak,壞 (waai6),意味 (いみ),gemein,심술궂은,malafabla,méchant,malo,có ý nghĩa
类 7 NLTK - dziaeng komq,cmn,tupa,yue,ja,de,ko,eo,fr,es,vi
happy,高兴,kaw hyngh,快樂 (faai3 lok6),嬉しい (うれしい),glücklich,행복한,feliĉa,heureux,feliz,hạnh phúc
sad,难过,nanh kwah,傷心 (soeng1 sam1),悲しい (かなしい),traurig,슬픈,malĝoja,triste,triste,buồn
smile,微笑,muj siewh,笑 (siu3),微笑む (ほほえむ),lächeln,미소짓다,rideti,sourire,sonreír,cười
laugh,笑,siewh,笑 (siu3),笑う (わらう),lachen,웃다,ridi,rire,reír,cười
cry,哭,khouk,哭 (huk1),泣く (なく),weinen,울다,plori,pleurer,llorar,khóc
类 7 NLTK - hy hyeh,cmn,tupa,yue,ja,de,ko,eo,fr,es,vi
play,玩,ngwanh,玩 (waan2),遊ぶ (あそぶ),spielen,놀다,ludi,jouer,jugar,chơi
Ball,球,gu,球 (kau4),ボール,Ball,공,pilko,balle,pelota,quả bóng
Game,游戏,ju hyeh,遊戲 (jau4 hei3),ゲーム,Spiel,게임,ludo,jeu,juego,trò chơi
Race (sport),比赛,piq seojh,賽 (coi3),レース (れーす),Rennen,경주,konkurso,course,carrera,cuộc đua
sing,唱,tjhyangh,唱 (coeng3),歌う (うたう),singen,노래하다,kanti,chanter,cantar,hát
dance,跳舞,dew muoq,跳舞 (tiu3 mou5),踊る (おどる),tanzen,춤을 추다,danci,danser,bailar, khiêu vũ
小类art,艺术,ngiejh zjwit,藝術 (ngai6 seot6),芸術 (げいじゅつ),Kunst,예술,arto,art,arte,nghệ thuật
band,乐队,ngoeuk dojh,樂隊 (lok6 deoi6),バンド (ばんど),Band,밴드,bando,groupe,banda,nhóm nhạc
song,歌曲,ka khuok,歌 (go1),歌曲 (かきょく),Lied,노래,kanto,chanson,canción,bài hát
instrument (musical),乐器,ngoeuk khyih,樂器 (lok6 hei3),楽器 (がっき),Instrument,악기,muzikilo,instrumento,instrument,nhạc cụ
music,音乐,qyim ngoeuk,音樂 (jam1 ngok6),音楽 (おんがく),Musik,음악,muziko,musique,música,nhạc
movie,电影,denh qyaengq,電影 (din6 jing2),映画 (えいが),Film,영화,filmo,film,película,phim
类 7 NLTK - kyq nemh,cmn,tupa,yue,ja,de,ko,eo,fr,es,vi
类 8 NLKT,cmn,tupa,yue,ja,de,ko,eo,fr,es,vi
类 8 NLKT - sjin pyin,cmn,tupa,yue,ja,de,ko,eo,fr,es,vi
类 8 NLKT - kaew tsiejh,cmn,tupa,yue,ja,de,ko,eo,fr,es,vi
society,社会,djiaeq kwajh,社會 (se5 wui6),社会 (しゃかい),Gesellschaft,사회,socio,société,sociedad,xã hội
类 8 NLKT - munh ghouh,cmn,tupa,yue,ja,de,ko,eo,fr,es,vi
类 8 NLKT - qiew qyak,cmn,tupa,yue,ja,de,ko,eo,fr,es,vi
类 8 NLKT - kae deng,cmn,tupa,yue,ja,de,ko,eo,fr,es,vi
Marriage,婚姻,hon qin,婚姻 (fan1 jan1),結婚 (けっこん),Ehe,결혼,geedziĝo,mariage,matrimonio,hôn nhân
Wedding,婚礼,hon lejq,婚禮 (fan1 lai5),結婚式 (けっこんしき),Hochzeit,결혼식,nupto,mariage,boda,đám cưới
love,爱,qeojh,愛 (oi3),愛する (あいする),lieben,사랑하다,amo,aimer,amar,yêu
marry,结婚,ket hon,結婚 (git3 fan1),結婚する (けっこんする),heiraten,결혼하다,edziĝi,se marier,casarse,kết hôn
kiss,吻,munq,吻 (man5),キスする (きすする),küssen,키스하다,kiso,embrasser,besar,hôn
小类待分people,人,njin,人 (jan4),人 (ひと),Menschen,사람,homoj,gens,gente,người
son,儿子,njie tsyq,兒子 (ji4 zi2),息子 (むすこ),Sohn,아들,filo,fils,hijo,con trai
daughter,女儿,nryoq njie,女兒 (neoi5 ji4),娘 (むすめ),Tochter,딸,filino,fille,hija,con gái
mother,母亲,mouq tshinh,媽媽 (maa1 maa1),母 (はは),Mutter,어머니,patrino,mère,madre,mẹ
father,父亲,puoq tshinh,爸爸 (baa4 baa1),父 (ちち),Vater,아버지,patro,père,padre,cha
parent,父母,puoq mouq,父母 (fu6 mou5),両親 (りょうしん),Eltern,부모,gepatroj,parents,padres,phụ huynh
baby,婴儿,qiaeng njie,嬰兒 (jing1 ji4),赤ちゃん (あかちゃん),Baby,아기,bebo,bébé,bebé,em bé
man,男人,nom njin,男人 (naam4 jan4),男 (おとこ),Mann,남자,viro,homme,hombre,đàn ông
woman,女人,nryoq njin,女人 (neoi5 jan4),女 (おんな),Frau,여자,virino,femme,mujer,phụ nữ
brother,兄弟,huaeng dejq,兄弟 (hing1 dai6),兄弟 (きょうだい),Bruder,형제,frato,frère,hermano,anh em
sister,姐妹,tsiaeq mojh,姊妹 (zi2 mui6),姉妹 (しまい),Schwester,자매,fratino,sœur,hermana,chị em
family,家庭,kae deng,家庭 (gaa1 ting4),家族 (かぞく),Familie,가족,familio,famille,familia,gia đình
grandfather,爷爷,jiae jiae,爺爺 (je4 je4),おじいさん (ojiisan),Großvater,할아버지,avo,grand-père,abuelo,ông nội
grandmother,奶奶,nreeq nreeq,婆婆 (po4 po4),おばあさん (obaasan),Großmutter,할머니,avino,grand-mère,abuela,bà nội
husband,丈夫,dryangq puo,丈夫 (zoeng6 fu1),夫 (おっと),Ehemann,남편,edzo,mari,esposo,chồng
wife,妻子,tshejh tsyq,妻子 (cai1 zi2),妻 (つま),Ehefrau,아내,edzino,femme,esposa,vợ
king,国王,kweok uangh,國王 (gwok3 wong4),王 (おう),König,왕,reĝo,roi,rey,vua
queen,皇后,ghwang ghouq,皇后 (wong4 hau6),王妃 (おうひ),Königin,왕비,regino,reine,reina,hậu
president,总统,tsoungq thongh,總統 (zung2 tung2),大統領 (だいとうりょう),Präsident,대통령,prezidento,président,presidente,tổng thống
neighbor,邻居,lin kyo,鄰居 (leon4 geoi1),隣人 (となりびと),Nachbar,이웃,najbaro,voisin,vecino,hàng xóm
boy,男孩,nom gheoj,男孩 (naam4 haai4),男の子 (おとこのこ),Junge,소년,knabo,garçon,niño,con trai
girl,女孩,nryoq gheoj,女孩 (neoi5 haai4),女の子 (おんなのこ),Mädchen,소녀,knabino,fille,niña,gái
child,孩子,gheoj tsyq,小孩 (siu2 haai4),子供 (こども),Kind,아이,infano,enfant,niño,trẻ em
adult,成人,djiaeng njin,成人 (sing4 jan4),大人 (おとな),Erwachsene,성인,adulto,adulte,adulto,người lớn
human,人,njin,人類 (jan4 leoi6),人間 (にんげん),Mensch,인간,homo,humain,humano,con người
friend,朋友,beong uq,朋友 (pang4 jau5),友達 (ともだち),Freund,친구,amiko,ami,amigo,bạn bè
victim,受害者,djuq ghajh tjiaeq,受害者 (sau6 hoi6 ze2),被害者 (ひがいしゃ),Opfer,피해자,viktimo,victime,víctima,nạn nhân
player,玩家,ngwanh kae,選手 (syun2 sau2),プレーヤー (ぷれーいやー),Spieler,플레이어,ludanto,joueur,jugador,người chơi
fan,粉丝,punq sy,粉絲 (fan2 si1),ファン (ふぁん),Fan,팬,fano,fan,fan,tán thành
crowd,人群,njin gun,人群 (jan4 kwan4),人々 (ひとびと),Menge,군중,homamaso,foule,multitud,đám đông
person,人,njin,人士 (jan4 si6),人 (ひと),Person,사람,persono,personne,persona,người
类 9 KKTT,cmn,tupa,yue,ja,de,ko,eo,fr,es,vi
类 9 KKTT - kweok kae,cmn,tupa,yue,ja,de,ko,eo,fr,es,vi
类 9 KKTT - tjienh tsreeng,cmn,tupa,yue,ja,de,ko,eo,fr,es,vi
War,战争,tjienh tsreeng,戰爭 (zin3 zang1),戦争 (せんそう),Krieg,전쟁,milito,guerre,guerra,chiến tranh
Peace,和平,ghwah byaeng,和平 (wo4 ping4),平和 (へいわ),Frieden,평화,paco,paix,paz,hòa bình
Murder,谋杀,mu sreet,謀殺 (mau4 saat3),殺人 (さつじん),Mord,살인,murdo,meurtre,asesinato,giết người
Attack,攻击,koung kek,攻擊 (gung1 gik1),攻撃 (こうげき),Angriff,공격,atako,attaque,ataque,tấn công
Gun,枪,tsrhaeng,槍 (coeng1),銃 (じゅう),Waffe,총,pafilo,arme,arma,súng
Prison,监狱,kaemh nguok,監獄 (gaam1 juk6),刑務所 (けいむしょ),Gefängnis,교도소,malliberejo,prison,cárcel,ngục tù
类 99 gy tha,未分类词条,mujh pun lwih zy dew,yue,ja,de,ko,eo,fr,es,vi