Word,Mandarin,Cantonese (JyutPing),Japanese (ä»®å),German,Korean,French,Spanish,Vietnamese,Dutch,Swedish,Portuguese,Italian,Arabic,Russian,Malay,Latin,Turkish
ğŸ†™animal,åŠ¨ç‰©,å‹•ç‰© (dung6 mat6),å‹•ç‰© (ã©ã†ã¶ã¤),Tier,ë™ë¬¼,animal,animal,Ä‘á»™ng váº­t,dier,djur,animal,animale,Ø­ÙŠÙˆØ§Ù† (hayawan),Ğ¶Ğ¸Ğ²Ğ¾Ñ‚Ğ½Ğ¾Ğµ,hewan,animal,hayvan
dog,ç‹—,ç‹— (gau2),çŠ¬ (ã„ã¬),Hund,ê°œ,chien,perro,chÃ³,hond,hund,cachorro,cane,ÙƒÙ„Ø¨ (kalb),ÑĞ¾Ğ±Ğ°ĞºĞ°,anjing,canis,kÃ¶pek
cat,çŒ«,è²“ (maau1),çŒ« (ã­ã“),Katze,ê³ ì–‘ì´,chat,gato,mÃ¨o,kat,katt,gato,gatto,Ù‚Ø·Ø© (qittah),ĞºĞ¾Ñ‚,kucing,felis,kedi
fish,é±¼,é­š (jyu4),é­š (ã•ã‹ãª),Fisch,ë¬¼ê³ ê¸°,poisson,pez,cÃ¡,vis,fisk,peixe,pesce,Ø³Ù…Ùƒ (samak),Ñ€Ñ‹Ğ±Ğ°,ikan,ichthys,balÄ±k
bird,é¸Ÿ,é³¥ (niu5),é³¥ (ã¨ã‚Š),Vogel,ìƒˆ,oiseau,pÃ¡jaro,chim,carn,fÃ¥gel,pÃ¡ssaro,uccello,Ø·Ø§Ø¦Ø± (ta'ir),Ğ¿Ñ‚Ğ¸Ñ†Ğ°,burung,avis,kuÅŸ
cow,ç‰›,ç‰› (ngau4),ç‰› (ã†ã—),Kuh,ì†Œ,vache,vaca,bÃ²,koe,ko,krowa,bovino,Ø¨Ù‚Ø±Ø© (baqara),ĞºĞ¾Ñ€Ğ¾Ğ²Ğ°,lembu,bos,inek
pig,çŒª,è±¬ (zyu1),è±š (ã¶ãŸ),Schwein,ë¼ì§€,cochon,cerdo,lá»£n,varken,gris,porco,maiale,Ø®Ù†Ø²ÙŠØ± (khanzir),ÑĞ²Ğ¸Ğ½ÑŒÑ,babi,sus,domuz
mouse,è€é¼ ,è€é¼  (lou5 syu2),ãƒã‚ºãƒŸ,Maus,ì¥,souris,rat,chuá»™t,muis,mus,rato,topo,ÙØ£Ø± (fa'r),Ğ¼Ñ‹ÑˆÑŒ,tikus,mus,mouse
horse,é©¬,é¦¬ (maa5),é¦¬ (ã†ã¾),Pferd,ë§,cheval,caballo,ngá»±a,paard,hÃ¤st,cavalo,cavallo,Ø­ØµØ§Ù† (hisan),Ğ»Ğ¾ÑˆĞ°Ğ´ÑŒ,kuda,equus,at
wing,ç¿…è†€,ç¿…è†€ (ci4 bong2),ç¾½ (ã¯ã­),FlÃ¼gel,ë‚ ê°œ,aile,ala,cÃ¡nh,vleugel,vinge,asa,ala,Ø¬Ù†Ø§Ø­ (janah),ĞºÑ€Ñ‹Ğ»Ğ¾,sehel,ala,kanat
ğŸ†™transportation,äº¤é€š,äº¤é€š (gaau1 tung1),äº¤é€š (ã“ã†ã¤ã†),Transport,êµí†µ,transport,transporte,giao thÃ´ng,vervoer,transport,transporte,trasporto,Ù†Ù‚Ù„ (naql),Ñ‚Ñ€Ğ°Ğ½ÑĞ¿Ğ¾Ñ€Ñ‚,pengangkutan,transitus,taÅŸÄ±ma
train,ç«è½¦,ç«è»Š (fo2 ce1),é›»è»Š (ã§ã‚“ã—ã‚ƒ),Zug,ê¸°ì°¨,train,tren,tÃ u,trein,tÃ¥g,trem,treno,Ù‚Ø·Ø§Ø± (qitar),Ğ¿Ğ¾ĞµĞ·Ğ´,kereta api,tren,tren
plane,é£æœº,é£›æ©Ÿ (fei1 gei1),é£›è¡Œæ©Ÿ (ã²ã“ã†ã),Flugzeug,ë¹„í–‰ê¸°,avion,aviÃ³n,mÃ¡y bay,vliegtuig,flyg,aviÃ£o,aereo,Ø·Ø§Ø¦Ø±Ø© (ta'ira),ÑĞ°Ğ¼Ğ¾Ğ»ĞµÑ‚,pesawat terbang,aeroplanum,uÃ§ak
car,æ±½è½¦,æ±½è»Š (hei3 ce1),è»Š (ãã‚‹ã¾),Auto,ì°¨,voiture,coche,xe hÆ¡i,auto,bil,carro,auto,Ø³ÙŠØ§Ø±Ø© (sayyara),Ğ°Ğ²Ñ‚Ğ¾Ğ¼Ğ¾Ğ±Ğ¸Ğ»ÑŒ,mobil,currus,araba
truck,å¡è½¦,å¡è»Š (kaa1 ce1),ãƒˆãƒ©ãƒƒã‚¯,LKW,íŠ¸ëŸ­,camion,camiÃ³n,xe táº£i,vrachtwagen,lastbil,caminhÃ£o,camion,Ø´Ø§Ø­Ù†Ø© (shahina),Ğ³Ñ€ÑƒĞ·Ğ¾Ğ²Ğ¸Ğº,lori,raeda,camyon
bicycle,è‡ªè¡Œè½¦,è‡ªè¡Œè»Š (zi6 hang4 ce1),è‡ªè»¢è»Š (ã˜ã¦ã‚“ã—ã‚ƒ),Fahrrad,ìì „ê±°,vÃ©lo,bicicleta,xe Ä‘áº¡p,fiets,cykel,bicicleta,bicicletta,Ø¯Ø±Ø§Ø¬Ø© (diraja),Ğ²ĞµĞ»Ğ¾ÑĞ¸Ğ¿ĞµĞ´,basikal,rota,bisiklet
bus,å…¬å…±æ±½è½¦,å·´å£« (baa1 si2),ãƒã‚¹,Bus,ë²„ìŠ¤,bus,autobÃºs,xe buÃ½t,bus,buss,Ã´nibus,autobus,Ø­Ø§ÙÙ„Ø© (hafilah),Ğ°Ğ²Ñ‚Ğ¾Ğ±ÑƒÑ,bas,autocinetum,otobÃ¼s
boat,èˆ¹,èˆ¹ (syun4),ãƒœãƒ¼ãƒˆ,Boot,ë°°,bateau,barco,thuyá»n,boot,bÃ¥t,barco,barca,Ù‚Ø§Ø±Ø¨ (qarib),Ğ»Ğ¾Ğ´ĞºĞ°,perahu,navis,tekne
ship,èˆ¹,èˆ¹ (syun4),èˆ¹ (ãµã­),Schiff,ì„ ë°•,bateau,barco,tÃ u,chip,skepp,navio,nave,Ø³ÙÙŠÙ†Ø© (safina),ĞºĞ¾Ñ€Ğ°Ğ±Ğ»ÑŒ,kapal,linter,nave
tire,è½®èƒ,è¼ªèƒ (leon4 toi4),ã‚¿ã‚¤ãƒ¤,Reifen,íƒ€ì´ì–´,pneu,llanta,lá»‘p,band,dÃ¤ck,pneu,pneumatico,Ø¥Ø·Ø§Ø± (it'aar),ÑˆĞ¸Ğ½Ğ°,tayar,rota,lastik
gasoline,æ±½æ²¹,æ±½æ²¹ (hei3 jau4),ã‚¬ã‚½ãƒªãƒ³,Benzin,íœ˜ë°œìœ ,essence,gasolina,xÄƒng,benzine,bensin,gasolina,benzina,Ø¨Ù†Ø²ÙŠÙ† (benzine),Ğ±ĞµĞ½Ğ·Ğ¸Ğ½,petrol,petrol,gaz yaÄŸÄ±
engine,å¼•æ“,å¼•æ“ (jan5 cing1),ã‚¨ãƒ³ã‚¸ãƒ³,Motor,ì—”ì§„,moteur,motor,Ä‘á»™ng cÆ¡,motor,motor,motor,motore,Ù…Ø­Ø±Ùƒ (muharrik),Ğ´Ğ²Ğ¸Ğ³Ğ°Ñ‚ĞµĞ»ÑŒ,enjin,enigne,motor
(train) ticket,ç«è½¦ç¥¨,ç«è»Šç¥¨ (fo2 ce1 piu3),åˆ‡ç¬¦ (ãã£ã·),Fahrkarte,ê¸°ì°¨í‘œ,billet,billete,vÃ© xe lá»­a,treinkaartje,tÃ¥gbiljett,bilhete,biglietto,ØªØ°ÙƒØ±Ø© Ø§Ù„Ù‚Ø·Ø§Ø± (tazkira alqitar),Ğ±Ğ¸Ğ»ĞµÑ‚,teksi kereta api,billethea,tren bileti
ğŸ†™location,ä½ç½®,ä½ç½® (wai2 sik1),å ´æ‰€ (ã°ã—ã‚‡),Ort,ìœ„ì¹˜,emplacement,ubicaciÃ³n,vá»‹ trÃ­,locatie,plats,localizaÃ§Ã£o,posizione,Ù…ÙˆÙ‚Ø¹ (mawqea'),Ğ¼ĞµÑÑ‚Ğ¾,lokasi,loca,lokalite
city,åŸå¸‚,åŸå¸‚ (sing4 si5),éƒ½å¸‚ (ã¨ã—),Stadt,ë„ì‹œ,ville,ciudad,thÃ nh phá»‘,stad,stad,cidade,cittÃ ,Ù…Ø¯ÙŠÙ†Ø© (madina),Ğ³Ğ¾Ñ€Ğ¾Ğ´,bandar,urbs,kotaÅŸehir
house,æˆ¿å­,å±‹ä¼ (uk1 kei2),å®¶ (ã„ãˆ),Haus,ì§‘,maison,casa,nhÃ ,huis,hus,casa,casa,Ø¨ÙŠØª (bayt),Ğ´Ğ¾Ğ¼,rumah,domus,ev
apartment,å…¬å¯“,æ¨“ (lau4),ã‚¢ãƒ‘ãƒ¼ãƒˆ,Apartment,ì•„íŒŒíŠ¸,appartement,apartamento,chung cÆ°,appartement,lÃ¤genhet,apartamento,appartamento,Ø´Ù‚Ø© (shaqa),ĞºĞ²Ğ°Ñ€Ñ‚Ğ¸Ñ€Ğ°,pangsapuri,domus,ev
street/road,è¡—é“,è¡— (gaai1 dou6),é“è·¯ (ã©ã†ã‚),StraÃŸe,ë„ë¡œ,rue,calle,Ä‘Æ°á»ng-Ä‘á»‹a phÆ°Æ¡ng,straat,gata,rua,strada,Ø´Ø§Ø±Ø¹ (shaari),ÑƒĞ»Ğ¸Ñ†Ğ°,jalan,platea,cadde
airport,æœºåœº,æ©Ÿå ´ (gei1 coeng4),ç©ºæ¸¯ (ãã†ã“ã†),Flughafen,ê³µí•­,aÃ©roport,aeropuerto,sÃ¢n bay,luchthaven,flygplats,aeroporto,aeroporto,Ù…Ø·Ø§Ø± (matar),Ğ°ÑÑ€Ğ¾Ğ¿Ğ¾Ñ€Ñ‚,lapangan terbang,portus aÃ«ris,havalimanÄ±
train station,ç«è½¦ç«™,ç«è»Šç«™ (fo2 ce1 zaam6),é§… (ãˆã),Bahnhof,ê¸°ì°¨ì—­,gare,estaciÃ³n,nhÃ  ga,treinstation,tÃ¥gstation,estaÃ§Ã£o de trem,stazione ferroviaria,Ù…Ø­Ø·Ø© Ù‚Ø·Ø§Ø± (mahattat qitar),Ğ²Ğ¾ĞºĞ·Ğ°Ğ»,stesen kereta api,castrum,istasyon
bridge,æ¡¥,æ©‹ (kiu4),æ©‹ (ã¯ã—),BrÃ¼cke,ë‹¤ë¦¬,pont,puente,cáº§u,brug,bro,ponte,ponte,Ø¬Ø³Ø± (jisr),Ğ¼Ğ¾ÑÑ‚,jambatan,pontem,pont
hotel,é…’åº—,é…’åº— (zau2 dim3),ãƒ›ãƒ†ãƒ«,Hotel,í˜¸í…”,hÃ´tel,hotel,khÃ¡ch sáº¡n,hotel,hotell,hotel,hotel,ÙÙ†Ø¯Ù‚ (funduq),Ğ¾Ñ‚ĞµĞ»ÑŒ,hotel,albergo,otel
restaurant,é¤é¦†,é£Ÿè‚† (sik6 zi6),ãƒ¬ã‚¹ãƒˆãƒ©ãƒ³,Restaurant,ë ˆìŠ¤í† ë‘,restaurant,restaurante,nhÃ  hÃ ng,restaurant,restaurang,restaurante,ristorante,Ù…Ø·Ø¹Ù… (mat'am),Ñ€ĞµÑÑ‚Ğ¾Ñ€Ğ°Ğ½,restoran,coenaculum,restoran
farm,å†œåœº,è¾²å ´ (nung4 coeng4),è¾²å ´ (ã®ã†ã˜ã‚‡ã†),Bauernhof,ë†ì¥,ferme,granja,nÃ´ng tráº¡i,boerderij,bondgÃ¥rd,fazenda,fattoria,Ù…Ø²Ø±Ø¹Ø© (mazra'a),Ñ„ĞµÑ€Ğ¼Ğ°,ladang,rusticus locus,Ã§iftlik
court,æ³•é™¢,æ³•é™¢ (faat3 jyun2),è£åˆ¤æ‰€ (ã•ã„ã°ã‚“ã—ã‚‡),Gericht,ë²•ì›,tribunal,tribunal,tÃ²a Ã¡n,rechtbank,domstol,tribunal,tribunale,Ù…Ø­ÙƒÙ…Ø© (mahkama),ÑÑƒĞ´,mahkamah,forum,adliye
school,å­¦æ ¡,å­¸æ ¡ (hok6 haau6),å­¦æ ¡ (ãŒã£ã“ã†),Schule,í•™êµ,Ã©cole,escuela,trÆ°á»ng,hogeschool,skola,escola,scuola,Ù…Ø¯Ø±Ø³Ø© (madrasa),ÑˆĞºĞ¾Ğ»Ğ°,sekolah,schola,okul
office,åŠå…¬å®¤,è¾¦å…¬å®¤ (baan6 gung1 sat1),ã‚ªãƒ•ã‚£ã‚¹,BÃ¼ro,ì‚¬ë¬´ì‹¤,bureau,oficina,vÄƒn phÃ²ng,kantoor,kontor,escritÃ³rio,ufficio,Ù…ÙƒØªØ¨ (maktab),Ğ¾Ñ„Ğ¸Ñ,pejabat,officium,ofis
room,æˆ¿é—´,æˆ¿é–“ (fong4 gaan1),éƒ¨å±‹ (ã¸ã‚„),Zimmer,ë°©,chambre,cuarto,phÃ²ng,kamer,rumsala,quarto,stanzetta,ØºØ±ÙØ© (ghurfa),ĞºĞ¾Ğ¼Ğ½Ğ°Ñ‚Ğ°,bilik,camera,cam
town,é•‡,é® (zan3),ç”º (ã¡ã‚‡ã†),Stadt,ë§ˆì„,village,pueblo,thá»‹ tráº¥n,dorp,stad,cidade,villaggio,Ø¨Ù„Ø¯Ø© (balda),Ğ³Ğ¾Ñ€Ğ¾Ğ´Ğ¾Ğº,bandar,villa,villa
university,å¤§å­¦,å¤§å­¸ (daai6 hok6),å¤§å­¦ (ã ã„ãŒã),UniversitÃ¤t,ëŒ€í•™êµ,universitÃ©,universidad,Ä‘áº¡i há»c,universiteit,universitet,universidade,universitÃ ,Ø¬Ø§Ù…Ø¹Ø© (jamia),ÑƒĞ½Ğ¸Ğ²ĞµÑ€ÑĞ¸Ñ‚ĞµÑ‚,universiti,universitas,universitas
club,ä¿±ä¹éƒ¨,æœƒæ‰€ (wui2 so2),ã‚¯ãƒ©ãƒ–,Verein,í´ëŸ½,club,club,clb,clubb,sÃ¤llskap,clube,club,Ù†Ø§Ø¯ÙŠ (nadi),ĞºĞ»ÑƒĞ±,kelab,sodalitas,klÃ¼p
bar,é…’å§,é…’å§ (zau2 baa1),ãƒãƒ¼,Bar,ë°”,bar,bar,quÃ¡n bar,bar,bar,bar,bar,Ù…Ù‚Ù‡Ù‰ (maqha),Ğ±Ğ°Ñ€,bar,bar,bar
park,å…¬å›­,å…¬åœ’ (gung1 jyun2),å…¬åœ’ (ã“ã†ãˆã‚“),Park,ê³µì›,parc,parque,cÃ´ng viÃªn,park,park,parque,parco,Ø­Ø¯ÙŠÙ‚Ø© (hadika),Ğ¿Ğ°Ñ€Ğº,taman,parkus,park
camp,è¥åœ°,ç‡Ÿåœ° (jing4 dei6),ã‚­ãƒ£ãƒ³ãƒ—,Lager,ìº í”„,campamento,camp,tráº¡i khu,campingplats,lÃ¤ger,campismo,campeggio,Ù…Ø®ÙŠÙ… (makhayyam),Ğ»Ğ°Ğ³ĞµÑ€ÑŒ,khemah,castra,camp
store/shop,å•†åº—,å•†åº— (soeng1 dim3),åº—èˆ— (ã¦ã‚“ã½),GeschÃ¤ft,ìƒì ,magasin,tienda,cá»­a hÃ ng,winkel,butik,loja,negozio,Ù…ØªØ¬Ø± (matjar),Ğ¼Ğ°Ğ³Ğ°Ğ·Ğ¸Ğ½,kedai,taberna,maÄŸaza
theater,å‰§é™¢,åŠ‡é™¢ (gek6 jyun2),åŠ‡å ´ (ã’ãã˜ã‚‡ã†),Theater,ê·¹ì¥,thÃ©Ã¢tre,teatro,ráº¡p hÃ¡t,theater,teater,teatro,teatro,Ù…Ø³Ø±Ø­ (masrah),Ñ‚ĞµĞ°Ñ‚Ñ€,teater,coenaculum,tiyatro
library,å›¾ä¹¦é¦†,åœ–æ›¸é¤¨ (tou4 syu1 gun2),å›³æ›¸é¤¨ (ã¨ã—ã‚‡ã‹ã‚“),Bibliothek,ë„ì„œê´€,bibliothÃ¨que,biblioteca,thÆ° viá»‡n,bibliotheek,bibliotek,biblioteca,biblioteca,Ù…ÙƒØªØ¨Ø© (maktaba),Ğ±Ğ¸Ğ±Ğ»Ğ¸Ğ¾Ñ‚ĞµĞºĞ°,perpustakaan,bibliotheca,kÃ¼tÃ¼phane
hospital,åŒ»é™¢,é†«é™¢ (ji1 jyun2),ç—…é™¢ (ã³ã‚‡ã†ã„ã‚“),Krankenhaus,ë³‘ì›,hÃ´pital,hospital,bá»‡nh viá»‡n,ziekenhuis,sjukhus,hospital,ospedale,Ù…Ø³ØªØ´ÙÙ‰ (mustashfa),Ğ±Ğ¾Ğ»ÑŒĞ½Ğ¸Ñ†Ğ°,hospital,hospitium,hastane
church,æ•™å ‚,æ•™å ‚ (gaau3 tong4),æ•™ä¼š (ãã‚‡ã†ã‹ã„),Kirche,êµíšŒ,Ã©glise,iglesia,nhÃ  thá»,kerk,kyrka,igreja,chiesa,ÙƒÙ†ÙŠØ³Ø© (kanisa),Ñ†ĞµÑ€ĞºĞ¾Ğ²ÑŒ,gereja,basilica,ecclesia
market,å¸‚åœº,å¸‚å ´ (si5 coeng4),å¸‚å ´ (ã„ã¡ã°),Markt,ì‹œì¥,marchÃ©,mercado,chá»£,markt,marknad,mercado,mercato,Ø³ÙˆÙ‚ (souq),Ñ€Ñ‹Ğ½Ğ¾Ğº,pasar,forum mercatus,pazar
country,å›½å®¶,åœ‹å®¶ (gwok3 gaa1),å›½ (ãã«),Land,ë‚˜ë¼,pays,paÃ­s,quá»‘c gia,land,land,paÃ­s,paese,Ø¨Ù„Ø¯ (balad),ÑÑ‚Ñ€Ğ°Ğ½Ğ°,negara,res publica,Ã¼lke
building,å»ºç­‘ç‰©,å»ºç¯‰ç‰© (gin3 zuk1 mat6),å»ºç‰© (ãŸã¦ã‚‚ã®),GebÃ¤ude,ê±´ë¬¼,bÃ¢timent,edificio,toÃ  nhÃ ,gebouw,byggnad,prÃ©dio,edificio,Ø¨Ù†Ø§ÙŠØ© (bina'),Ğ·Ğ´Ğ°Ğ½Ğ¸Ğµ,bangunan,aedificium,bina
ground,åœ°é¢,åœ° (dei6),åœ°é¢ (ã˜ã‚ã‚“),Boden,ë•…,sol,suelo,máº·t Ä‘áº¥t,grond,mark,terra,terra,Ø£Ø±Ø¶ (ard),Ğ·ĞµĞ¼Ğ»Ñ,tanah,tellus,yer
space (outer space),å¤ªç©º,å¤ªç©º (taai3 hung1),å®‡å®™ (ã†ã¡ã‚…ã†),Weltraum,ìš°ì£¼,espace,espacio,khÃ´ng gian,ruimte,rymd,espaÃ§o,spazio,Ø§Ù„ÙØ¶Ø§Ø¡ Ø§Ù„Ø®Ø§Ø±Ø¬ÙŠ (al-fada' al-khariji),ĞºĞ¾ÑĞ¼Ğ¾Ñ,angkasa,spatium,astrum
bank,é“¶è¡Œ,éŠ€è¡Œ (ngan4 hong4),éŠ€è¡Œ (ãã‚“ã“ã†),Bank,ì€í–‰,banque,banco,ngÃ¢n hÃ ng,bank,bank,banco,banca,Ø¨Ù†Ùƒ (bank),Ğ±Ğ°Ğ½Ğº,bank,banka,banka
ğŸ†™clothing,è¡£ç‰©,è¡£ç‰© (ji1 mat6),è¡£é¡ (ã„ã‚‹ã„),Kleidung,ì˜ë¥˜,vÃªtement,ropa,quáº§n Ã¡o,kleding,klÃ¤der,roupa,abbigliamento,Ù…Ù„Ø§Ø¨Ø³ (malÄbis),Ğ¾Ğ´ĞµĞ¶Ğ´Ğ°,pakaian,vestimenta,giysi
hat,å¸½å­,å¸½å­ (bou6 zi2),å¸½å­ (ã¼ã†ã—),Hut,ëª¨ì,chapeau,sombrero,mÅ©,n hoed,hatt,chapÃ©u,cappello,Ù‚Ø¨Ø¹Ø© (qubÊ¿ah),ÑˆĞ»ÑĞ¿Ğ°,topi,caputium,ÅŸapka
dress,è¿è¡£è£™,é€£è¡£è£™ (lin4 ji1 kwan4),ãƒ‰ãƒ¬ã‚¹ (doresu),Kleid,ë“œë ˆìŠ¤,robe,vestido,Ã¡o liá»n,vrouwelijke jurk,klÃ¤nning,vestido,vestito,ÙØ³ØªØ§Ù† (fustaan),Ğ¿Ğ»Ğ°Ñ‚ÑŒĞµ,gaun,vestis,elbise
suit,è¥¿è£…,è¥¿è£ (sai1 cong1),ã‚¹ãƒ¼ãƒ„ (sÅ«tsu),Anzug,ì •ì¥,costume,traje,Ã¡o vest,n pak,kostym,terno,abito,Ø¨Ø¯Ù„Ø© (badla),ĞºĞ¾ÑÑ‚ÑĞ¼,jas,vestis,elbise
skirt,è£™å­,è£™å­ (kwan4 zi2),ã‚¹ã‚«ãƒ¼ãƒˆ (sukÄto),Rock,ì¹˜ë§ˆ,jupe,falda,chÃ¢n vÃ¡y,rok,kjol,saia,gonna,ØªÙ†ÙˆØ±Ø© (tanÅ«rah),ÑĞ±ĞºĞ°,rok,vestis,etek
shirt,è¡¬è¡«,è¥¯è¡« (can1 saam1),ã‚·ãƒ£ãƒ„ (shatsu),Hemd,ì…”ì¸ ,chemise,camisa,Ã¡o sÆ¡ mi,hemd,skjorta,camisa,camicia,Ù‚Ù…ÙŠØµ (qamÄ«á¹£),Ñ€ÑƒĞ±Ğ°ÑˆĞºĞ°,baju kemeja,camisia,gÃ¶mlek
T-shirt,Tæ¤,Tæ¤ (T seoi6),Tã‚·ãƒ£ãƒ„ (T shatsu),T-Shirt,Tì…”ì¸ ,T-shirt,camiseta,Ã¡o phÃ´ng,T-shirt,T-trÃ¶ja,camiseta,maglietta,T-Ø´ÙŠØ±Øª (T-shÄ«rt),Ñ„ÑƒÑ‚Ğ±Ğ¾Ğ»ĞºĞ°,T-baju,under tunicamisia,tiÅŸÃ¶rt
pants,è£¤å­,è¤²å­ (fu3 zi2),ãƒ‘ãƒ³ãƒ„ (pantsu),Hose,ë°”ì§€,pantalon,pantalones,quáº§n,korte broek,byxor,calÃ§a,pantaloni,Ø¨Ù†Ø·Ù„ÙˆÙ† (bantalÅ«n),ÑˆÑ‚Ğ°Ğ½Ñ‹,celana,brÄcae,pantolon
shoes,é‹,é‹ (haai4),é´ (ãã¤),Schuhe,ì‹ ë°œ,chaussures,zapatos,giÃ y,schoenen,skor,sapatos,scarpe,Ø£Ø­Ø°ÙŠØ© (Ê¾aá¸¥á¸iyah),Ğ¾Ğ±ÑƒĞ²ÑŒ,sepatu,calcei,ayakkabÄ±
pocket,å£è¢‹,å£è¢‹ (hau2 doi6),ãƒã‚±ãƒƒãƒˆ (poketto),Tasche,í¬ì¼“,poches,bolsillo,ngÄƒn tÃºi,zak,zak,fundo,borsa,Ø¬ÙŠØ¨ (jayb),ĞºĞ°Ñ€Ğ¼Ğ°Ğ½,saku,sinus,cep
coat,å¤–å¥—,å¤–å¥— (ngoi6 tou3),ã‚³ãƒ¼ãƒˆ (kÅto),Mantel,ì½”íŠ¸,manteau,abrigo,Ã¡o khoÃ¡c,jas,rock,casaco,cappotto,Ù…Ø¹Ø·Ù (maÊ¿á¹­af),Ğ¿Ğ°Ğ»ÑŒÑ‚Ğ¾,ceket,paenula,palto
stain,æ±¡ç‚¹,æ±¡é» (wu1 dim2),ã‚·ãƒŸ (shimi),Fleck,ì–¼ë£©,tache,mancha,váº¿t báº©n,vlek,flÃ¤ck,mancha,macchia,Ø¨Ù‚Ø¹Ø© (baqÊ¿ah),Ğ¿ÑÑ‚Ğ½Ğ¾,noda,macula,leke
ğŸ†™color,é¢œè‰²,é¡è‰² (ngaan4 sik1),è‰² (ã„ã‚),Farbe,ìƒ‰ìƒ,couleur,color,color,kleur,fÃ¤rg,cor,colore,Ù„ÙˆÙ† (lawn),Ñ†Ğ²ĞµÑ‚,warna,color,renk
red,çº¢è‰²,ç´…è‰² (hung4 sik1),èµ¤ (ã‚ã‹),rot,ë¹¨ê°„ìƒ‰,rouge,rojo,Ä‘á»,rood,rÃ¶d,vermelho,rosso,Ø£Ø­Ù…Ø± (aá¸¥mar),ĞºÑ€Ğ°ÑĞ½Ñ‹Ğ¹,merah,rubrum,kÄ±rmÄ±zÄ±
green,ç»¿è‰²,ç¶ è‰² (luk6 sik1),ç·‘ (ã¿ã©ã‚Š),grÃ¼n,ì´ˆë¡ìƒ‰,vert,verde,xanh lÃ¡,cq groen,grÃ¶n,verde,verde,Ø£Ø®Ø¶Ø± (akhá¸ar),Ğ·ĞµĞ»ĞµĞ½Ñ‹Ğ¹,hijau,viridis,yeÅŸil
blue (light),æµ…è“è‰²,æ·ºè—è‰² (cim1 laam4 sik1),æ°´è‰² (ã¿ãšã„ã‚),hellblau,í•˜ëŠ˜ìƒ‰,bleu claro,azul claro,xanh nháº¡t,lichtblauw,ljusblÃ¥,azul claro,azzurro chiaro,Ø£Ø²Ø±Ù‚ ÙØ§ØªØ­ (azraq fatih),Ğ³Ğ¾Ğ»ÑƒĞ±Ğ¾Ğ¹,biru muda,caeruleus clarius,aÃ§Ä±k mavi
blue (dark),æ·±è“è‰²,æ·±è—è‰² (sam1 laam4 sik1),ç´ºè‰² (ã“ã‚“ã„ã‚),dunkelblau,ì§™ì€ íŒŒë‘ìƒ‰,bleu foncÃ©,azul oscuro,xanh Ä‘áº­m,donkerblauw,mÃ¶rkblÃ¥,azul escuro,blu scuro,Ø£Ø²Ø±Ù‚ ØºØ§Ù…Ù‚ (azraq ghamiq),ÑĞ¸Ğ½Ğ¸Ğ¹,biru gelap,aerius obscurus,koyu mavi
yellow,é»„è‰²,é»ƒè‰² (wong4 sik1),é»„ (ãã„ã‚),gelb,ë…¸ë€ìƒ‰,jaune,amarillo,vÃ ng,geel,gul,amarelo,giallo,Ø£ØµÙØ± (aá¹£far),Ğ¶ĞµĞ»Ñ‚Ñ‹Ğ¹,kuning,flavus,sarÄ±
brown,æ£•è‰²,æ£•è‰² (zung1 sik1),èŒ¶è‰² (ã¡ã‚ƒã„ã‚),braun,ê°ˆìƒ‰,marron,marrÃ³n,nÃ¢u,bruin,brun,marrom,marrone,Ø¨Ù†ÙŠ (bunÄ«),ĞºĞ¾Ñ€Ğ¸Ñ‡Ğ½ĞµĞ²Ñ‹Ğ¹,coklat,rufus,kahverengi
pink,ç²‰çº¢è‰²,ç²‰ç´…è‰² (fan2 hung4 sik1),ãƒ”ãƒ³ã‚¯ (pinku),rosa,ë¶„í™ìƒ‰,rose,rosa,há»“ng,roze,rosa,rosa,rosa,Ø²Ù‡Ø±ÙŠ (zahri),Ñ€Ğ¾Ğ·Ğ¾Ğ²Ñ‹Ğ¹,merah jambu,roseus,pembe
orange,æ©™è‰²,æ©™è‰² (caang2 sik1),ã‚ªãƒ¬ãƒ³ã‚¸ (orenji),orange,ì£¼í™©ìƒ‰,orange,naranja,da cam,oranje,apelsin,laranja,arancione,Ø¨Ø±ØªÙ‚Ø§Ù„ÙŠ (burtuqÄlÄ«),Ğ¾Ñ€Ğ°Ğ½Ğ¶ĞµĞ²Ñ‹Ğ¹,oren,citrinus,turuncu
black,é»‘è‰²,é»‘è‰² (hak1 sik1),é»’ (ãã‚),schwarz,ê²€ì€ìƒ‰,noir,negro,Ä‘en,zwart,svart,preto,nero,Ø£Ø³ÙˆØ¯ (aswad),Ñ‡ĞµÑ€Ğ½Ñ‹Ğ¹,hitam,ater,nin
white,ç™½è‰²,ç™½è‰² (baak6 sik1),ç™½ (ã—ã‚),weiÃŸ,í°ìƒ‰,blanc,blanco,tráº¯ng,wit,vit,branco,bianco,Ø£Ø¨ÙŠØ¶ (abyaá¸),Ğ±ĞµĞ»Ñ‹Ğ¹,putih,candens,beyaz
gray,ç°è‰²,ç°è‰² (fo1 sik1),ç° (ã¯ã„),grau,íšŒìƒ‰,gris,gris,xÃ¡m,grijs,grÃ¥,cinza,grigio,Ø±Ù…Ø§Ø¯ÙŠ (ramÄdÄ«),ÑĞµÑ€Ñ‹Ğ¹,abu-abu,cinereus,gri
ğŸ†™people,äºº,äºº (jan4),äºº (ã²ã¨),Menschen,ì‚¬ëŒ,gens,gente,ngÆ°á»i,mensen,mÃ¤nniskor,pessoas,persone,Ø´Ø®Øµ (shakhs),Ğ»ÑĞ´Ğ¸,orang,homo,insan
son,å„¿å­,ä»” (zi2),æ¯å­ (ã‚€ã™ã“),Sohn,ì•„ë“¤,fils,hijo,con trai,zoon,son,filho,figlio,Ø§Ø¨Ù† (ibn),ÑÑ‹Ğ½,anak lelaki,filho,oÄŸul
daughter,å¥³å„¿,å¥³ä»” (neoi5),å¨˜ (ã‚€ã™ã‚),Tochter,ë”¸,fille,hija,con gÃ¡i,dochter,dotter,filha,figlia,Ø§Ø¨Ù†Ø© (ibna),Ğ´Ğ¾Ñ‡ÑŒ,anak perempuan,filha,kÄ±z
mother,æ¯äº²,å¦ˆå¦ˆ (maa1 maa1),æ¯ (ã¯ã¯),Mutter,ì–´ë¨¸ë‹ˆ,mÃ¨re,madre,máº¹,moeder,mor,mÃ£e,madre,Ø£Ù… (um),Ğ¼Ğ°Ñ‚ÑŒ,ibu,mÃ£e,anne
father,çˆ¶äº²,çˆ¸çˆ¸ (baa1 baa1),çˆ¶ (ã¡ã¡),Vater,ì•„ë²„ì§€,pÃ¨re,padre,cha,vader,far,pai,padre,Ø£Ø¨ (ab),Ğ¾Ñ‚ĞµÑ†,bapa,pai,baba
parent,çˆ¶æ¯,çˆ¶æ¯ (fu6 mou5),ä¸¡è¦ª (ã‚Šã‚‡ã†ã—ã‚“),Eltern,ë¶€ëª¨,parents,padres,phá»¥ huynh,ouders,fÃ¶rÃ¤ldrar,pais,genitori,Ø§Ù„ÙˆØ§Ù„Ø¯ÙŠÙ† (alwÄlidayn),Ñ€Ğ¾Ğ´Ğ¸Ñ‚ĞµĞ»Ğ¸,ibu bapa,pais,ebeveyn
baby,å©´å„¿,å¬°å…’ (jeng1 ji4),èµ¤ã¡ã‚ƒã‚“ (ã‚ã‹ã¡ã‚ƒã‚“),Baby,ì•„ê¸°,bÃ©bÃ©,bebÃ©,em bÃ©,baby,baby,baby,bambino,Ø·ÙÙ„ Ø±Ø¶ÙŠØ¹ (á¹­ifl raá¸Ä«Ê¿),Ñ€ĞµĞ±ĞµĞ½Ğ¾Ğº,bayi,bebÃª,bebek
man,ç”·äºº,ç”·äºº (naam4 jan4),ç”· (ãŠã¨ã“),Mann,ë‚¨ì,homme,hombre,Ä‘Ã n Ã´ng,man,man,homem,uomo,Ø±Ø¬Ù„ (rajul),Ğ¼ÑƒĞ¶Ñ‡Ğ¸Ğ½Ğ°,lelaki,homem,erkek
woman,å¥³äºº,å¥³äºº (neoi5 jan4),å¥³ (ãŠã‚“ãª),Frau,ì—¬ì,femme,mujer,phá»¥ ná»¯,vrouw,kvinna,mulher,donna,Ø§Ù…Ø±Ø£Ø© (imra'a),Ğ¶ĞµĞ½Ñ‰Ğ¸Ğ½Ğ°,perempuan,mulher,kadÄ±n
brother,å…„å¼Ÿ,å…„å¼Ÿ (hing1 dai6),å…„å¼Ÿ (ãã‚‡ã†ã ã„),Bruder,í˜•ì œ,frÃ¨re,hermano,anh em,zoon,broder,irmÃ£o,fratello,Ø£Ø® (akh),Ğ±Ñ€Ğ°Ñ‚,abang,irmÃ£o,erkek kardeÅŸ
sister,å§å¦¹,å§Šå¦¹ (zeoi1 mui6),å§‰å¦¹ (ã—ã¾ã„),Schwester,ìë§¤,sÅ“ur,hermana,chá»‹ em,zus,syster,irmÃ£,sorella,Ø£Ø®Øª (ukht),ÑĞµÑÑ‚Ñ€Ğ°,kakak perempuan,irmÃ£,kÄ±z kardeÅŸ
family,å®¶åº­,å®¶åº­ (gaa1 ting4),å®¶æ— (ã‹ãã),Familie,ê°€ì¡±,famille,familia,gia Ä‘Ã¬nh,familie,familj,famÃ­lia,famiglia,Ø£Ø³Ø±Ø© (usra),ÑĞµĞ¼ÑŒÑ,keluarga,famÃ­lia,aile
grandfather,çˆ·çˆ·,å…¬å…¬ (joeng1 joeng1),ãŠã˜ã„ã•ã‚“ (ojiisan),GroÃŸvater,í• ì•„ë²„ì§€,grand-pÃ¨re,abuelo,Ã´ng ná»™i,grootvader,farfar,avÃ´,nonno,Ø¬Ø¯ (jid),Ğ´ĞµĞ´ÑƒÑˆĞºĞ°,datuk,avÃ´,dede
grandmother,å¥¶å¥¶,å©†å©† (po4 po4),ãŠã°ã‚ã•ã‚“ (obaasan),GroÃŸmutter,í• ë¨¸ë‹ˆ,grand-mÃ¨re,abuela,bÃ  ná»™i,grootmoeder,farmor,avÃ³,nonna,Ø¬Ø¯Ø© (jidda),Ğ±Ğ°Ğ±ÑƒÑˆĞºĞ°,nenek,avÃ³,nine
husband,ä¸ˆå¤«,ä¸ˆå¤« (zoeng6 fu1),å¤« (ãŠã£ã¨),Ehemann,ë‚¨í¸,mari,esposo,chá»“ng,echtgenoot,make,marido,marito,Ø²ÙˆØ¬ (zawj),Ğ¼ÑƒĞ¶,suami,marido,koca
wife,å¦»å­,å¦» (cai1),å¦» (ã¤ã¾),Ehefrau,ì•„ë‚´,femme,esposa,vá»£,echtgenote,hustru,esposa,moglie,Ø²ÙˆØ¬Ø© (zawja),Ğ¶ĞµĞ½Ğ°,isteri,esposa,eÅŸ
king,å›½ç‹,åœ‹ç‹ (gwok3 wong4),ç‹ (ãŠã†),KÃ¶nig,ì™•,roi,rey,vua,koning,kung,rei,re,Ù…Ù„Ùƒ (malik),ĞºĞ¾Ñ€Ğ¾Ğ»ÑŒ,raja,rei,kral
queen,çš‡å,çš‡å (wong4 hau6),ç‹å¦ƒ (ãŠã†ã²),KÃ¶nigin,ì™•ë¹„,reine,reina,háº­u,koningin,drottning,rainha,regina,Ù…Ù„ÙƒØ© (malika),ĞºĞ¾Ñ€Ğ¾Ğ»ĞµĞ²Ğ°,permaisuri,rainha,kraliÃ§e
president,æ€»ç»Ÿ,ç¸½çµ± (zung2 tung2),å¤§çµ±é ˜ (ã ã„ã¨ã†ã‚Šã‚‡ã†),PrÃ¤sident,ëŒ€í†µë ¹,prÃ©sident,presidente,tá»•ng thá»‘ng,president,president,presidente,presidente,Ø±Ø¦ÙŠØ³ (ra'Ä«s),Ğ¿Ñ€ĞµĞ·Ğ¸Ğ´ĞµĞ½Ñ‚,presiden,presidente,cumhurbaÅŸkanÄ±
neighbor,é‚»å±…,é„°å±… (leon4 geoi1),éš£äºº (ã¨ãªã‚Šã³ã¨),Nachbar,ì´ì›ƒ,voisin,vecino,hÃ ng xÃ³m,buurman,granne,vizinho,vicino,Ø¬Ø§Ø± (jar),ÑĞ¾ÑĞµĞ´,tetangga,vizinho,komÅŸu
boy,ç”·å­©,ç”·ä»” (naam4 zai2),ç”·ã®å­ (ãŠã¨ã“ã®ã“),Junge,ì†Œë…„,garÃ§on,niÃ±o,con trai,jongen,pojke,menino,ragazzo,ØµØ¨ÙŠ (sabi),Ğ¼Ğ°Ğ»ÑŒÑ‡Ğ¸Ğº,kanak-kanak lelaki,rapaz,oÄŸlan
girl,å¥³å­©,å¥³ä»” (neoi5 zai2),å¥³ã®å­ (ãŠã‚“ãªã®ã“),MÃ¤dchen,ì†Œë…€,fille,niÃ±a,gÃ¡i,meisje,flicka,menina,ragazza,Ø¨Ù†Øª (bint),Ğ´ĞµĞ²ÑƒÑˆĞºĞ°,kanak-kanak perempuan,rapariga,kÄ±z
child,å­©å­,ä»” (zai2),å­ä¾› (ã“ã©ã‚‚),Kind,ì•„ì´,enfant,niÃ±o,tráº» em,kind,barn,crianÃ§a,bambino,Ø·ÙÙ„ (á¹­ifl),Ñ€ĞµĞ±ĞµĞ½Ğ¾Ğº,kanak-kanak,crianÃ§a,Ã§ocuk
adult,æˆäºº,æˆäºº (sing4 jan4),å¤§äºº (ãŠã¨ãª),Erwachsene,ì„±ì¸,adulte,adulto,ngÆ°á»i lá»›n,volwassene,vuxen,adulto,adulto,Ø¨Ø§Ù„Øº (bÄligh),Ğ²Ğ·Ñ€Ğ¾ÑĞ»Ñ‹Ğ¹,orang dewasa,adulto,yetiÅŸkin
human,äºº,äºº (jan4),äººé–“ (ã«ã‚“ã’ã‚“),Mensch,ì¸ê°„,humain,humano,con ngÆ°á»i,mens,mÃ¤nniska,humano,umano,Ø¥Ù†Ø³Ø§Ù† (insÄn),Ñ‡ĞµĞ»Ğ¾Ğ²ĞµĞº,manusia,humano,insan
friend,æœ‹å‹,æœ‹å‹ (pang4 jau5),å‹é” (ã¨ã‚‚ã ã¡),Freund,ì¹œêµ¬,ami,amigo,báº¡n bÃ¨,vriend,vÃ¤n,amigo,amico,ØµØ¯ÙŠÙ‚ (sadiq),Ğ´Ñ€ÑƒĞ³,teman,amigo,arkadaÅŸ
victim,å—å®³è€…,å—å®³è€… (sau6 hoi6 ze2),è¢«å®³è€… (ã²ãŒã„ã—ã‚ƒ),Opfer,í”¼í•´ì,victime,vÃ­ctima,náº¡n nhÃ¢n,slachtoffer,offer,vÃ­tima,vittima,Ø¶Ø­ÙŠØ© (á¸aá¸¥iya),Ğ¶ĞµÑ€Ñ‚Ğ²Ğ°,mangsa,vÃ­tima,maÄŸdur
player,ç©å®¶,ç©å®¶ (waan4 gaa1),ãƒ—ãƒ¬ãƒ¼ãƒ¤ãƒ¼ (ã·ã‚Œãƒ¼ã„ã‚„ãƒ¼),Spieler,í”Œë ˆì´ì–´,joueur,jugador,ngÆ°á»i chÆ¡i,speler,spelare,jogador,giocatore,Ù„Ø§Ø¹Ø¨ (lÄÊ¿ib),Ğ¸Ğ³Ñ€Ğ¾Ğº,pemain,jogador,oyuncu
fan,ç²‰ä¸,ç²‰çµ² (fan2 si1),ãƒ•ã‚¡ãƒ³ (ãµãã‚“),Fan,íŒ¬,fan,fan,tÃ¡n thÃ nh,fan,fan,fÃ£,tifoso,Ù…Ø´Ø¬Ø¹ (mushaqqiÊ¿),Ğ±Ğ¾Ğ»ĞµĞ»ÑŒÑ‰Ğ¸Ğº,peminat,fÃ£,hayran
crowd,äººç¾¤,äººç¾¤ (jan4 kwan4),äººã€… (ã²ã¨ã³ã¨),Menge,êµ°ì¤‘,foule,multitud,Ä‘Ã¡m Ä‘Ã´ng,massa,massa,multidÃ£o,folla,Ø§Ù„Ø­Ø´Ø¯ (alhashd),Ñ‚Ğ¾Ğ»Ğ¿Ğ°,kerumunan,multidÃ£o,kalabalÄ±k
person,äºº,äºº (jan4),äºº (ã²ã¨),Person,ì‚¬ëŒ,personne,persona,ngÆ°á»i,persoon,person,pessoa,persona,Ø´Ø®Øµ (shakhs),Ñ‡ĞµĞ»Ğ¾Ğ²ĞµĞº,orang,pessoa,kiÅŸi
ğŸ†™Job,å·¥ä½œ,å·¥ä½œ (gung1 zok3),ä»•äº‹ (ã—ã”ã¨),Beruf,ì§ì—…,mÃ©tier,trabajo,cÃ´ng viá»‡c,baan,job,trabalho,lavoro,ÙˆØ¸ÙŠÙØ© (wazifa),Ñ€Ğ°Ğ±Ğ¾Ñ‚Ğ°,pekerjaan,officium,iÅŸ
Teacher,è€å¸ˆ,è€å¸« (lou5 si1),å…ˆç”Ÿ (ã›ã‚“ã›ã„),Lehrer,ì„ ìƒë‹˜,professeur,profesor,giÃ¡o viÃªn,leraar,lÃ¤rare,professor,professore,Ù…Ø¯Ø±Ø³ (modaris),ÑƒÑ‡Ğ¸Ñ‚ĞµĞ»ÑŒ,guru,magister,Ã¶ÄŸretmen
Student,å­¦ç”Ÿ,å­¸ç”Ÿ (hok6 saang1),å­¦ç”Ÿ (ãŒãã›ã„),SchÃ¼ler,í•™ìƒ,Ã©tudiant,estudiante,sinh viÃªn,student,elev,aluno,studente,Ø·Ø§Ù„Ø¨ (taleb),ÑÑ‚ÑƒĞ´ĞµĞ½Ñ‚,pelajar,discipulus,Ã¶ÄŸrenci
Lawyer,å¾‹å¸ˆ,å¾‹å¸« (lut6 si1),å¼è­·å£« (ã¹ã‚“ã”ã—),Anwalt,ë³€í˜¸ì‚¬,avocat,abogado,luáº­t sÆ°,advocaat,advokat,advogado,avvocato,Ù…Ø­Ø§Ù… (muhammam),Ğ°Ğ´Ğ²Ğ¾ĞºĞ°Ñ‚,peguam,advocatus,avukat
Doctor,åŒ»ç”Ÿ,é†«ç”Ÿ (ji1 saang1),åŒ»è€… (ã„ã—ã‚ƒ),Arzt,ì˜ì‚¬,mÃ©decin,mÃ©dico,bÃ¡c sÄ©,dokter,lÃ¤kare,mÃ©dico,medico,Ø·Ø¨ÙŠØ¨ (tabib),Ğ²Ñ€Ğ°Ñ‡,doktor,medicus,doktor
Patient,ç—…äºº,ç—…äºº (beng6 jan4),æ‚£è€… (ã‹ã‚“ã˜ã‚ƒ),Patient,í™˜ì,patient,paciente,bá»‡nh nhÃ¢n,patiÃ«nt,patiente,paciente,paziente,Ù…Ø±ÙŠØ¶ (mareedh),Ğ¿Ğ°Ñ†Ğ¸ĞµĞ½Ñ‚,pesakit,aeger,hasta
Waiter,æœåŠ¡å‘˜,æœå‹™å“¡ (fuk6 mou6 jyun4),ã‚¦ã‚§ã‚¤ã‚¿ãƒ¼,Kellner,ì›¨ì´í„°,serveur,camarero,Ä‘áº§u báº¿p,ober,kypare,garÃ§om,cameriere,Ù†Ø§Ø¯Ù„ (naadil),Ğ¾Ñ„Ğ¸Ñ†Ğ¸Ğ°Ğ½Ñ‚,pelayan,ministra mensarum,garson
Secretary,ç§˜ä¹¦,ç§˜æ›¸ (bei3 syu1),ç§˜æ›¸ (ã²ã—ã‚‡),SekretÃ¤r,ë¹„ì„œ,secrÃ©taire,secretario,thÆ° kÃ½,secretaris,sekreterare,secretÃ¡rio,segretario,Ø³ÙƒØ±ØªÙŠØ± (sikritir),ÑĞµĞºÑ€ĞµÑ‚Ğ°Ñ€ÑŒ,setiausaha,tabellarius,sekreter
Priest,ç¥çˆ¶,ç¥çˆ¶ (san4 fu6),ç¥çˆ¶ (ã—ã‚“ã·),Priester,ì‹ ë¶€,prÃªtre,padre,cha sá»©,priester,prÃ¤st,padre,sacerdote,ÙƒØ§Ù‡Ù† (kahan),ÑĞ²ÑÑ‰ĞµĞ½Ğ½Ğ¸Ğº,paderi,sacerdos,papaz
Police,è­¦å¯Ÿ,è­¦å¯Ÿ (ging2 caat3),è­¦å¯Ÿ (ã‘ã„ã•ã¤),Polizei,ê²½ì°°,police,policÃ­a,cáº£nh sÃ¡t,politie,polis,polÃ­cia,polizia,Ø´Ø±Ø·Ø© (shurta),Ğ¿Ğ¾Ğ»Ğ¸Ñ†Ğ¸Ñ,polis,praefectus,polis
Army,å†›é˜Ÿ,è»éšŠ (gwan1 deoi2),è» (ãã‚“),Armee,êµ°ëŒ€,armÃ©e,ejÃ©rcito,quÃ¢n Ä‘á»™i,leger,armÃ©,exÃ©rcito,esercito,Ø¬ÙŠØ´ (jaysh),Ğ°Ñ€Ğ¼Ğ¸Ñ,askar,exercitus,ordu
Soldier,å£«å…µ,å£«å…µ (si6 bing1),å…µå£« (ã¸ã„ã—),Soldat,ë³‘ì‚¬,soldat,soldado,chiáº¿n sÄ©,soldaat,soldat,soldado,soldato,Ø¬Ù†Ø¯ÙŠ (jundi),ÑĞ¾Ğ»Ğ´Ğ°Ñ‚,askar,miles,asker
Artist,è‰ºæœ¯å®¶,è—è¡“å®¶ (ngai6 seot6 gaa1),èŠ¸è¡“å®¶ (ã’ã„ã˜ã‚…ã¤ã‹),KÃ¼nstler,ì˜ˆìˆ ê°€,artiste,artista,nghá»‡ sÄ©,kunstenaar,konstnÃ¤r,artista,artista,ÙÙ†Ø§Ù† (fanÄn),Ñ…ÑƒĞ´Ğ¾Ğ¶Ğ½Ğ¸Ğº,seniman,artifex,sanatÃ§Ä±
Author,ä½œè€…,ä½œè€… (coeng3 zyu2),è‘—è€… (ã¡ã‚‡ã—ã‚ƒ),Autor,ì‘ê°€,auteur,autor,tÃ¡c giáº£,auteur,fÃ¶rfattare,autor,autore,Ù…Ø¤Ù„Ù (mo'allef),Ğ°Ğ²Ñ‚Ğ¾Ñ€,penulis,scriptor,yazar
Manager,ç»ç†,ç¶“ç† (ging1 lei5),ãƒãƒãƒ¼ã‚¸ãƒ£ãƒ¼,Manager,ë§¤ë‹ˆì €,manager,gerente,quáº£n lÃ½,manager,chef,chefe,manager,Ù…Ø¯ÙŠØ± (mudir),Ğ¼ĞµĞ½ĞµĞ´Ğ¶ĞµÑ€,pengurus,magister,mÃ¼dÃ¼r
Reporter,è®°è€…,è¨˜è€… (gei3 ze2),ãƒ¬ãƒãƒ¼ã‚¿ãƒ¼,Reporter,ê¸°ì,journaliste,reportero,phÃ³ng viÃªn,journalist,journalist,repÃ³rter,giornalista,ØµØ­ÙÙŠ (sahafi),Ñ€ĞµĞ¿Ğ¾Ñ€Ñ‚ĞµÑ€,wartawan,index,muhabir
Actor,æ¼”å‘˜,æ¼”å“¡ (jin2 jyun4),ä¿³å„ª (ã¯ã„ã‚†ã†),Schauspieler,ë°°ìš°,acteur,actor,diá»…n viÃªn,acteur,skÃ¥despelare,ator,attore,Ù…Ù…Ø«Ù„ (mumathil),Ğ°ĞºÑ‚ĞµÑ€,pelakon,histrio,aktÃ¶r
ğŸ†™society,ç¤¾ä¼š,ç¤¾æœƒ (se5 wui2),ç¤¾ä¼š (ã—ã‚ƒã‹ã„),Gesellschaft,ì‚¬íšŒ,sociÃ©tÃ©,sociedad,xÃ£ há»™i,maatschappij,samhÃ¤lle,sociedade,societÃ ,Ù…Ø¬ØªÙ…Ø¹ (mujtama'),Ğ¾Ğ±Ñ‰ĞµÑÑ‚Ğ²Ğ¾,masyarakat,societas,toplum
Religion,å®—æ•™,å®—æ•™ (zung1 gaau3),å®—æ•™ (ã—ã‚…ã†ãã‚‡ã†),Religion,ì¢…êµ,religion,religiÃ³n,tÃ´n giÃ¡o,religie,religion,religiÃ£o,religione,Ø¯ÙŠÙ† (deen),Ñ€ĞµĞ»Ğ¸Ğ³Ğ¸Ñ,agama,religio,din
Heaven,å¤©å ‚,å¤©å ‚ (tin1 tong4),å¤©å›½ (ã¦ã‚“ã”ã),Himmel,ì²œêµ­,cieux,cielo,thiÃªn Ä‘Æ°á»ng,hemel,himmel,paraÃ­so,paradiso,Ø§Ù„Ø¬Ù†Ø© (aljannah),Ğ½ĞµĞ±Ğ¾,surga,caelum,cennet
Hell,åœ°ç‹±,åœ°ç„ (dei6 juk6),åœ°ç„ (ã˜ã”ã),HÃ¶lle,ì§€ì˜¥,enfer,infierno,Ä‘á»‹a ngá»¥c,hel,hel,inferno,inferno,Ø¬Ø­ÙŠÙ… (jahim),Ğ°Ğ´,neraka,infernus,cehennem
Death,æ­»äº¡,æ­»äº¡ (sei2 mong4),æ­» (ã—),Tod,ì‚¬ë§,mort,muerte,cháº¿t,dood,dÃ¶d,morte,morte,Ø§Ù„Ù…ÙˆØª (almawt),ÑĞ¼ĞµÑ€Ñ‚ÑŒ,kematian,mors,Ã¶lÃ¼m
Medicine,è¯ç‰©,è—¥ç‰© (joek6 mat6),è–¬ (ãã™ã‚Š),Medizin,ì˜ì•½í’ˆ,mÃ©dicament,medicina,thuá»‘c,medicijn,medicin,medicina,medicina,Ø¯ÙˆØ§Ø¡ (dawa'),Ğ»ĞµĞºĞ°Ñ€ÑÑ‚Ğ²Ğ¾,ubat,medicamentum,ilaÃ§
Money,é’±,éŒ¢ (cin4),ãŠé‡‘ (ãŠã‹ã­),Geld,ëˆ,argent,dinero,tiá»n,geld,pengar,dinheiro,soldi,Ù†Ù‚ÙˆØ¯ (nuqud),Ğ´ĞµĞ½ÑŒĞ³Ğ¸,wang,pecunia,para
Dollar,ç¾å…ƒ,ç¾å…ƒ (mei5 jyun4),ãƒ‰ãƒ«,Dollar,ë‹¬ëŸ¬,dollar,dÃ³lar,Ä‘Ã´ la,dollar,dollar,dÃ³lar,dollaro,Ø¯ÙˆÙ„Ø§Ø± (dolar),Ğ´Ğ¾Ğ»Ğ»Ğ°Ñ€,dolar,dollar,dolar
Bill,è´¦å•,è³¬å–® (zoeng3 dan1),è«‹æ±‚æ›¸ (ãã‚“ãŒãã—ã‚‡),Rechnung,ì²­êµ¬ì„œ,facture,factura,hÃ³a Ä‘Æ¡n,rekening,rÃ¤kningen,factura,fattura,ÙØ§ØªÙˆØ±Ø© (fÄtÅ«rah),ÑÑ‡Ñ‘Ñ‚,bil,factura,fatura
Marriage,å©šå§»,å©šå§» (fan1 jan1),çµå©š (ã‘ã£ã“ã‚“),Ehe,ê²°í˜¼,mariage,matrimonio,hÃ´n nhÃ¢n,huwelijk,Ã¤ktenskap,casamento,matrimonio,Ø²ÙˆØ§Ø¬ (zawÄj),Ğ±Ñ€Ğ°Ğº,perkahwinan,matrimonium,evlilik
Wedding,å©šç¤¼,å©šç¦® (fan1 lai5),çµå©šå¼ (ã‘ã£ã“ã‚“ã—ã),Hochzeit,ê²°í˜¼ì‹,mariage,boda,Ä‘Ã¡m cÆ°á»›i,bruiloft,brÃ¶llop,casamento,matrimonio,Ø­ÙÙ„Ø© Ø§Ù„Ø²ÙØ§Ù (á¸¥aflat alzifÄf),ÑĞ²Ğ°Ğ´ÑŒĞ±Ğ°,perkahwinan,nuptiae,dÃ¼ÄŸÃ¼n
Team,å›¢é˜Ÿ,åœ˜éšŠ (tyun4 deoi6),ãƒãƒ¼ãƒ ,Team,íŒ€,Ã©quipe,equipo,nhÃ³m,team,lag,time,squadra,ÙØ±ÙŠÙ‚ (fariq),ĞºĞ¾Ğ¼Ğ°Ğ½Ğ´Ğ°,pasukan,manus,takÄ±m
Race (ethnicity),ç§æ—,ç¨®æ— (zung2 zuk6),äººç¨® (ã˜ã‚“ã—ã‚…),Rasse,ì¸ì¢…,race,raza,chá»§ng tá»™c,ras,rast,raÃ§a,razza,Ø¹Ø±Ù‚ (Ê¿araq),Ñ€Ğ°ÑĞ°,bangsa,gens,Ä±rk
Sex (the act),æ€§,æ€§ (sing3),ã‚»ãƒƒã‚¯ã‚¹,Geschlecht,ì„±ë³„,sexe,sexo,giá»›i tÃ­nh,geslacht,kÃ¶n,sexo,sesso,Ø¬Ù†Ø³ (jins),Ğ¿Ğ¾Ğ»,seks,sexus,cinsiyet
Sex (gender),æ€§åˆ«,æ€§åˆ¥ (sing3 bit6),æ€§åˆ¥ (ã›ã„ã¹ã¤),Geschlecht,ì„±ë³„,sexe,sexo,giá»›i tÃ­nh,geslacht,kÃ¶n,sexo,sesso,Ø¬Ù†Ø³ (jins),Ğ¿Ğ¾Ğ»,seks,sexus,cinsiyet
Murder,è°‹æ€,è¬€æ®º (mau4 saat3),æ®ºäºº (ã•ã¤ã˜ã‚“),Mord,ì‚´ì¸,meurtre,asesinato,giáº¿t ngÆ°á»i,moord,mord,assassinato,omicidio,Ù‚ØªÙ„ (qatl),ÑƒĞ±Ğ¸Ğ¹ÑÑ‚Ğ²Ğ¾,pembunuhan,homicidium,cinayet
Prison,ç›‘ç‹±,ç›£ç„ (gaam1 juk6),åˆ‘å‹™æ‰€ (ã‘ã„ã‚€ã—ã‚‡),GefÃ¤ngnis,êµë„ì†Œ,prison,cÃ¡rcel,ngá»¥c tÃ¹,gevangenis,fÃ¤ngelse,prisÃ£o,prigione,Ø³Ø¬Ù† (sijn),Ñ‚ÑÑ€ÑŒĞ¼Ğ°,penjara,carcer,hapishane
Technology,ç§‘æŠ€,ç§‘æŠ€ (fo1 gei6),ãƒ†ã‚¯ãƒãƒ­ã‚¸ãƒ¼,Technologie,ê¸°ìˆ ,technologie,tecnologÃ­a,cÃ´ng nghá»‡,technologie,teknik,tecnologia,tecnologia,ØªÙƒÙ†ÙˆÙ„ÙˆØ¬ÙŠØ§ (teknÅ«lÅ«jÄ«Ä),Ñ‚ĞµÑ…Ğ½Ğ¾Ğ»Ğ¾Ğ³Ğ¸Ñ,teknologi,technologia,teknoloji
Energy,èƒ½æº,èƒ½æº (nang4 jyun4),ã‚¨ãƒãƒ«ã‚®ãƒ¼,Energie,ì—ë„ˆì§€,Ã©nergie,energÃ­a,nÄƒng lÆ°á»£ng,energie,energi,energia,energia,Ø·Ø§Ù‚Ø© (taqa),ÑĞ½ĞµÑ€Ğ³Ğ¸Ñ,tenaga,vis,enerji
War,æˆ˜äº‰,æˆ°çˆ­ (zin3 zang1),æˆ¦äº‰ (ã›ã‚“ãã†),Krieg,ì „ìŸ,guerre,guerra,chiáº¿n tranh,oorlog,krig,guerra,guerra,Ø­Ø±Ø¨ (harb),Ğ²Ğ¾Ğ¹Ğ½Ğ°,perang,bellum,savaÅŸ
Peace,å’Œå¹³,å’Œå¹³ (wo4 ping4),å¹³å’Œ (ã¸ã„ã‚),Frieden,í‰í™”,paix,paz,hÃ²a bÃ¬nh,vrede,fred,paz,pace,Ø³Ù„Ø§Ù… (salaam),Ğ¼Ğ¸Ñ€,damai,pax,barÄ±ÅŸ
Attack,æ”»å‡»,æ”»æ“Š (gung1 gik1),æ”»æ’ƒ (ã“ã†ã’ã),Angriff,ê³µê²©,attaque,ataque,táº¥n cÃ´ng,aanval,attack,ataque,attacco,Ù‡Ø¬ÙˆÙ… (hujÅ«m),Ğ°Ñ‚Ğ°ĞºĞ°,serangan,impugnatio,saldÄ±rÄ±
Election,é€‰ä¸¾,é¸èˆ‰ (syun2 zeoi2),é¸æŒ™ (ã›ã‚“ãã‚‡),Wahl,ì„ ê±°,Ã©lection,elecciÃ³n,cá»­ tri,verkiezing,val,eleiÃ§Ã£o,elezione,Ø§Ù†ØªØ®Ø§Ø¨Ø§Øª (intikhabat),Ğ²Ñ‹Ğ±Ğ¾Ñ€Ñ‹,pilihan,electio,seÃ§im
Magazine,æ‚å¿—,é›œèªŒ (zaap6 zi3),é›‘èªŒ (ã–ã£ã—),Magazin,ì¡ì§€,magazine,revista,táº¡p chÃ­,tijdschrift,tidskrift,revista,rivista,Ù…Ø¬Ù„Ø© (majallah),Ğ¶ÑƒÑ€Ğ½Ğ°Ğ»,majalah,diurnalis,dergi
Newspaper,æŠ¥çº¸,å ±ç´™ (bou3 zi2),æ–°è (ã—ã‚“ã¶ã‚“),Zeitung,ì‹ ë¬¸,journal,journal,bÃ¡o chÃ­,krant,tidning,jornal,giornale,Ø¬Ø±ÙŠØ¯Ø© (jarida),Ğ³Ğ°Ğ·ĞµÑ‚Ğ°,surat khabar,diurna,gazete
Poison,æ¯’è¯,æ¯’è—¥ (duk6 joek6),æ¯’ (ã©ã),Gift,ë…ì•½,poison,veneno,thuá»‘c Ä‘á»™c,gif,gift,veneno,veleno,Ø³Ù… (sam),ÑĞ´,racun,venenum,zehir
Gun,æª,æ§ (coeng1),éŠƒ (ã˜ã‚…ã†),Waffe,ì´,arme,arma,sÃºng,wapen,vapen,arma,arma,Ø¨Ù†Ø¯Ù‚ÙŠØ© (bunduqiyyah),Ğ¿Ğ¸ÑÑ‚Ğ¾Ğ»ĞµÑ‚,meriam,ferrum,silah
Sport,è¿åŠ¨,é‹å‹• (wan6 dung6),ã‚¹ãƒãƒ¼ãƒ„,Sport,ìŠ¤í¬ì¸ ,sport,deporte,mÃ´n thá»ƒ thao,sport,sport,sport,sport,Ø±ÙŠØ§Ø¶Ø© (riyÄá¸ah),ÑĞ¿Ğ¾Ñ€Ñ‚,sukan,ludus,spor
Race (sport),æ¯”èµ›,æ¯”è³½ (bei2 coi3),ãƒ¬ãƒ¼ã‚¹ (ã‚Œãƒ¼ã™),Rennen,ê²½ì£¼,course,carrera,cuá»™c Ä‘ua,rennen,lÃ¶p,gara,gara,Ø³Ø¨Ø§Ù‚ (sabaaq),Ğ³Ğ¾Ğ½ĞºĞ°,lumba,cursus,yarÄ±ÅŸ
Exercise,é”»ç‚¼,é›ç…‰ (dyun3 lin6),é‹å‹• (ã†ã‚“ã©ã†),Ãœbung,ìš´ë™,exercice,ejercicio,táº­p luyá»‡n,oefening,Ã¶vning,exercÃ­cio,esercizio,Ù…Ù…Ø§Ø±Ø³Ø© (mumÄrasah),ÑƒĞ¿Ñ€Ğ°Ğ¶Ğ½ĞµĞ½Ğ¸Ğµ,latihan,exercitatio,egzersiz
Ball,çƒ,çƒ (kau4),ãƒœãƒ¼ãƒ«,Ball,ê³µ,balle,pelota,quáº£ bÃ³ng,bal,boll,bola,palla,ÙƒØ±Ø© (kurrah),Ğ¼ÑÑ‡,bola,globus,top
Game,æ¸¸æˆ,éŠæˆ² (jau4 hei3),ã‚²ãƒ¼ãƒ ,Spiel,ê²Œì„,jeu,juego,trÃ² chÆ¡i,spel,spel,jogo,gioco,Ù„Ø¹Ø¨Ø© (li'ba),Ğ¸Ğ³Ñ€Ğ°,permainan,ludus,oyun
Price,ä»·æ ¼,åƒ¹æ ¼ (gaa3 gok3),ä¾¡æ ¼ (ã‹ã‹ã),Preis,ê°€ê²©,prix,precio,giÃ¡,geldprijs,pris,preÃ§o,prezzo,Ø³Ø¹Ø± (s'ar),Ñ†ĞµĞ½Ğ°,harga,pretium,fiyat
Contract,åˆåŒ,åˆåŒ (gap6 tung4),å¥‘ç´„ (ã‘ã„ã‚„ã),Vertrag,ê³„ì•½,contrat,contrato,há»£p Ä‘á»“ng,contract,avtal,contrato,contratto,Ø¹Ù‚Ø¯ (aqd),ĞºĞ¾Ğ½Ñ‚Ñ€Ğ°ĞºÑ‚,perjanjian,contractus,sÃ¶zleÅŸme
Drug,è¯ç‰©,è—¥ç‰© (joek6 mat6),è–¬ç‰© (ã‚„ãã¶ã¤),Droge,ì•½,drogue,droga,thuá»‘c,drug,drog,droga,droga,Ø¯ÙˆØ§Ø¡ (dawa'),Ğ½Ğ°Ñ€ĞºĞ¾Ñ‚Ğ¸Ğº,dadah,medicamentum,ilaÃ§
Sign,æ ‡å¿—,æ¨™èªŒ (biu1 zi1),ã‚µã‚¤ãƒ³,Zeichen,í‘œì§€,signe,seÃ±a,biá»ƒu tÆ°á»£ng,teken,skylt,sinal,segno,Ø¹Ù„Ø§Ù…Ø© (Ê¿alamat),Ğ·Ğ½Ğ°Ğº,tanda,signum,iÅŸaret
Science,ç§‘å­¦,ç§‘å­¸ (fo1 hok6),ç§‘å­¦ (ã‹ãŒã),Wissenschaft,ê³¼í•™,science,ciencia,khoa há»c,wetenschap,vetenskap,ciÃªncia,scienza,Ø¹Ù„Ù… (Ê¿ilm),Ğ½Ğ°ÑƒĞºĞ°,sains,scientia,bilim
God,ç¥,ç¥ (san4),ç¥ (ã‹ã¿),Gott,ì‹ ,Dieu,Dios,ThÆ°á»£ng Ä‘áº¿,god,gud,Deus,dio,Ø§Ù„Ù„Ù‡ (Allah),Ğ±Ğ¾Ğ³,Tuhan,deus,TanrÄ±
ğŸ†™art,è‰ºæœ¯,è—è¡“ (ngai6 seot6),èŠ¸è¡“ (ã’ã„ã˜ã‚…ã¤),Kunst,ì˜ˆìˆ ,art,arte,nghá»‡ thuáº­t,kunst,konst,arte,arte,ÙÙ† (fan),Ğ¸ÑĞºÑƒÑÑÑ‚Ğ²Ğ¾,seni,syntagma,kunst
band,ä¹é˜Ÿ,æ¨‚éšŠ (lok6 deoi6),ãƒãƒ³ãƒ‰ (ã°ã‚“ã©),Band,ë°´ë“œ,groupe,banda,nhÃ³m nháº¡c,band,banda,banda,banda,ÙØ±Ù‚Ø© (firqa),Ğ³Ñ€ÑƒĞ¿Ğ¿Ğ°,kumpulan,capella,mÃ¼zik grubu
song,æ­Œæ›²,æ­Œæ›² (go1 kuk1),æ­Œæ›² (ã‹ãã‚‡ã),Lied,ë…¸ë˜,chanson,canciÃ³n,bÃ i hÃ¡t,lied,sÃ¥ng,mÃºsica,canto,Ø£ØºÙ†ÙŠØ© (aghani),Ğ¿ĞµÑĞ½Ñ,lagu,cantus,ÅŸarkÄ±
instrument (musical),ä¹å™¨,æ¨‚å™¨ (lok6 hei3),æ¥½å™¨ (ãŒã£ã),Instrument,ì•…ê¸°,instrumento,instrument,nháº¡c cá»¥,instrument,instrument,instrumento,strumento,Ø¢Ù„Ø© Ù…ÙˆØ³ÙŠÙ‚ÙŠØ© (ala'at mousiqiya),Ğ¼ÑƒĞ·Ñ‹ĞºĞ°Ğ»ÑŒĞ½Ñ‹Ğ¹ Ğ¸Ğ½ÑÑ‚Ñ€ÑƒĞ¼ĞµĞ½Ñ‚,alat muzik,organum,Ã§algÄ± aleti
music,éŸ³ä¹,éŸ³æ¨‚ (jam1 ngok6),éŸ³æ¥½ (ãŠã‚“ãŒã),Musik,ìŒì•…,musique,mÃºsica,nháº¡c,muziek,musik,mÃºsica,musica,Ù…ÙˆØ³ÙŠÙ‚Ù‰ (mousiqa),Ğ¼ÑƒĞ·Ñ‹ĞºĞ°,muzik,musica,mÃ¼zik
movie,ç”µå½±,é›»å½± (din6 jing2),æ˜ ç”» (ãˆã„ãŒ),Film,ì˜í™”,film,pelÃ­cula,phim,film,film,film,film,ÙÙŠÙ„Ù… (film),Ñ„Ğ¸Ğ»ÑŒĞ¼,filem,pellicula,film
ğŸ†™beverage,é¥®æ–™,é£²å“ (jam2 ban2),é£²ã¿ç‰© (ã®ã¿ã‚‚ã®),GetrÃ¤nk,ìŒë£Œ,boisson,bebida,Ä‘á»“ uá»‘ng,drank,dryck,bebida,bevanda,Ù…Ø´Ø±ÙˆØ¨ (mashroob),Ğ½Ğ°Ğ¿Ğ¸Ñ‚Ğ¾Ğº,minuman,potus,icecek
coffee,å’–å•¡,å’–å•¡ (kaa1 fe1),ã‚³ãƒ¼ãƒ’ãƒ¼ (ã“ãƒ¼ã²ãƒ¼),Kaffee,ì»¤í”¼,cafÃ©,cafÃ©,cÃ  phÃª,koffie,kaffe,cafÃ©,caffÃ¨,Ù‚Ù‡ÙˆØ© (qahwa),ĞºĞ¾Ñ„Ğµ,kopi,coffea,kahve
tea,èŒ¶,èŒ¶ (caa4),ãŠèŒ¶ (ãŠã¡ã‚ƒ),Tee,ì°¨,thÃ©,tÃ©,trÃ ,the,thee,chÃ¡,tÃ¨,Ø´Ø§ÙŠ (shay),Ñ‡Ğ°Ğ¹,teh,camellia,Ã§ay
wine,è‘¡è„é…’,è‘¡è„é…’ (pou4 tou4 zau2),ãƒ¯ã‚¤ãƒ³ (ã‚ã„ã‚“),Wein,ì™€ì¸,vin,vino,rÆ°á»£u,gewoon wijn,vin,vinho,vino,Ù†Ø¨ÙŠØ° (nabeez),Ğ²Ğ¸Ğ½Ğ¾,wain,wine,vino
beer,å•¤é…’,å•¤é…’ (bei1 zau2),ãƒ“ãƒ¼ãƒ« (ã³ãƒ¼ã‚‹),Bier,ë§¥ì£¼,biÃ¨re,cerveza,bia,bier,Ã¶l,cerveja,birra,Ø¨ÙŠØ±Ø© (beera),Ğ¿Ğ¸Ğ²Ğ¾,bir,bier,ÅŸarap
juice,æœæ±,æœæ± (gwo2 zat1),ã‚¸ãƒ¥ãƒ¼ã‚¹ (ã˜ã‚…ãƒ¼ã™),Saft,ì£¼ìŠ¤,jus,zumo,nÆ°á»›c Ã©p,sap,juice,suco,succo,Ø¹ØµÙŠØ± (asir),ÑĞ¾Ğº,jus,baccar,jÃ¼s
water,æ°´,æ°´ (seoi2),æ°´ (ã¿ãš),Wasser,ë¬¼,eau,agua,nÆ°á»›c,water,vatten,Ã¡gua,acqua,Ù…Ø§Ø¡ (maa'),Ğ²Ğ¾Ğ´Ğ°,air,aqua,su
milk,ç‰›å¥¶,ç‰›å¥¶ (ngau4 naai5),ç‰›ä¹³ (ãã‚…ã†ã«ã‚…ã†),Milch,ìš°ìœ ,lait,leche,sá»¯a,melk,mjÃ¶lk,leite,latte,Ø­Ù„ÙŠØ¨ (halib),Ğ¼Ğ¾Ğ»Ğ¾ĞºĞ¾,susu,lac,inek sÃ¼tÃ¼
ğŸ†™food,é£Ÿç‰©,é£Ÿç‰© (sik6 mat6),é£Ÿå“ (ã—ã‚‡ãã²ã‚“),Essen,ìŒì‹,nourriture,comida,thá»©c Äƒn,eten,mat,comida,cibo,Ø·Ø¹Ø§Ù… (Ta`am),ĞµĞ´Ğ°,makanan,alimentum,yemek
egg,è›‹,è›‹ (daan2),åµ (ãŸã¾ã”),Ei,ê³„ë€,Å“uf,huevo,trá»©ng,ei,Ã¤gg,ovo,uovo,Ø¨ÙŠØ¶Ø© (bayda),ÑĞ¹Ñ†Ğ¾,telur,ovum,yumurta
cheese,å¥¶é…ª,èŠå£« (zi1 si6),ãƒãƒ¼ã‚º (ã¡ãƒ¼ãš),KÃ¤se,ì¹˜ì¦ˆ,fromage,queso,phÃ´ mai,kaas,ost,queijo,formaggio,Ø¬Ø¨Ù†Ø© (jubnah),ÑÑ‹Ñ€,keju,caseus,peynir
bread,é¢åŒ…,éºµåŒ… (min6 baau1),ãƒ‘ãƒ³ (ã±ã‚“),Brot,ë¹µ,pain,pan,banh mi,brood,brÃ¶d,pÃ£o,pane,Ø®Ø¨Ø² (khubz),Ñ…Ğ»ĞµĞ±,roti,panis,ekmek
soup,æ±¤,æ¹¯ (tong1),ã‚¹ãƒ¼ãƒ— (ã™ãƒ¼ã·),Suppe,êµ­,soupe,sopa,sÃºp,soep,soppa,sopa,zuppa,Ø­Ø³Ø§Ø¡ (hasa'),ÑÑƒĞ¿,sup,supa,Ã§orba
cake,è›‹ç³•,è›‹ç³• (daan2 gou1),ã‚±ãƒ¼ã‚­ (ã‘ãƒ¼ã),Kuchen,ì¼€ì´í¬,gÃ¢teau,pastel,bÃ¡nh,gÃ¢teau,tÃ¥rta,bolo,torta,ÙƒØ¹ÙƒØ© (ka'ka),Ñ‚Ğ¾Ñ€Ñ‚,kuih,torta,pasta
chicken,é¸¡,é› (gai1),é¶è‚‰ (ã¨ã‚Šã«ã),Huhn,ë‹­,poulet,pollo,gÃ ,kip,kyckling,frango,pollo,Ø¯Ø¬Ø§Ø¬Ø© (dajajah),ĞºÑƒÑ€Ğ¸Ñ†Ğ°,ayam,gallus,tavuk
pork,çŒªè‚‰,è±¬è‚‰ (zyu1 juk6),è±šè‚‰ (ã¶ãŸã«ã),Schweinefleisch,ë¼ì§€ê³ ê¸°,porc,cerdo,thá»‹t heo,varkensvlees,flÃ¤skkÃ¶tt,porco,maiale,Ù„Ø­Ù… Ø§Ù„Ø®Ù†Ø²ÙŠØ± (lahm al-khinzir),ÑĞ²Ğ¸Ğ½Ğ¸Ğ½Ğ°,daging babi,caro suum,domuz eti
beef,ç‰›è‚‰,ç‰›è‚‰ (ngau4 juk6),ç‰›è‚‰ (ãã‚…ã†ã«ã),Rindfleisch,ì‡ ê³ ê¸°,boeuf,carne de res,bÃ²,rundvlees,nÃ¶tkÃ¶tt,carne,carne,Ù„Ø­Ù… Ø¨Ù‚Ø±ÙŠ (lahm baqri),Ğ³Ğ¾Ğ²ÑĞ´Ğ¸Ğ½Ğ°,daging lembu,taurus,sÄ±ÄŸÄ±r eti
apple,è‹¹æœ,è˜‹æœ (ping4 gwo2),ãƒªãƒ³ã‚´ (ã‚Šã‚“ã”),Apfel,ì‚¬ê³¼,pomme,manzana,tÃ¡o,appel,Ã¤pple,maÃ§Ã£,mela,ØªÙØ§Ø­Ø© (tuffaha),ÑĞ±Ğ»Ğ¾ĞºĞ¾,epalum,malus,elma
banana,é¦™è•‰,é¦™è•‰ (hoeng1 ziu1),ãƒãƒŠãƒŠ (ã°ãªãª),Banane,ë°”ë‚˜ë‚˜,banane,plÃ¡tano,chuá»‘i,banaan,banan,banana,banana,Ù…ÙˆØ² (mawz),Ğ±Ğ°Ğ½Ğ°Ğ½,pisang,musa,muz
orange,æ©™å­,æ©™ (caang2 zi2),ã‚ªãƒ¬ãƒ³ã‚¸ (ãŠã‚Œã‚“ã˜),Orange,ì˜¤ë Œì§€,orange,naranja,cam,sinaasappel,apelsin,laranja,arancia,Ø¨Ø±ØªÙ‚Ø§Ù„ (burtuqal),Ğ°Ğ¿ĞµĞ»ÑŒÑĞ¸Ğ½,oren,persica,Portakal
lemon,æŸ æª¬,æª¸æª¬ (ning4 mung4),ãƒ¬ãƒ¢ãƒ³ (ã‚Œã‚‚ã‚“),Zitrone,ë ˆëª¬,citron,limÃ³n,chanh,citroen,citron,limÃ£o,limone,Ù„ÙŠÙ…ÙˆÙ† (laymun),Ğ»Ğ¸Ğ¼Ğ¾Ğ½,limau,citrus limon,sÄ±kma limon
corn,ç‰ç±³,ç²Ÿ (juk6),ãƒˆã‚¦ãƒ¢ãƒ­ã‚³ã‚· (ã¨ã†ã‚‚ã‚ã“ã—),Mais,ì˜¥ìˆ˜ìˆ˜,maÃ¯s,maÃ­z,báº¯p,corn,mais,milho,mais,Ø°Ø±Ø© (dhura),ĞºÑƒĞºÑƒÑ€ÑƒĞ·Ğ°,jagung,zea mays,mÄ±sÄ±r
rice,ç±³é¥­,é£¯ (faan6),ã”é£¯ (ã”ã¯ã‚“),Reis,ë°¥,riz,arroz,gáº¡o,rijst,riskorn,arroz,riso,Ø£Ø±Ø² (arz),Ñ€Ğ¸Ñ,nasi,oryza sativa,pilav
oil,æ²¹,æ²¹ (jau4),æ²¹ (ã‚ã¶ã‚‰),Ã–l,ê¸°ë¦„,huile,aceite,dáº§u,olie,olja,Ã³leo,olio,Ø²ÙŠØª (zait),Ğ¼Ğ°ÑĞ»Ğ¾,minyak,oleum,yaÄŸ
seed,ç§å­,ç¨®å­ (zung2 zi2),ç¨®å­ (ãŸã­),Samen,ì”¨ì•—,graine,semilla,háº¡t,zaad,frÃ¶,semente,seme,Ø¨Ø°Ø±Ø© (buthrah),ÑĞµĞ¼Ñ,biji,badlum,Ã§ekirdek
knife,åˆ€,åˆ€ (dou1),ãƒŠã‚¤ãƒ• (ãªã„ãµ),Messer,ì¹¼,couteau,cuchillo,dao,mes,kastrull,faca,coltello,Ø³ÙƒÙŠÙ† (sikeen),Ğ½Ğ¾Ğ¶,pisau,cutit,bÄ±Ã§ak
spoon,åŒ™,åŒ™ (ci4),ã‚¹ãƒ—ãƒ¼ãƒ³ (supuun),LÃ¶ffel,ìˆŸê°€ë½,cuillÃ¨re,cuchara,thÃ¬a,lepel,sked,colher,cucchiaio,Ù…Ù„Ø¹Ù‚Ø© (malaqah),Ğ»Ğ¾Ğ¶ĞºĞ°,sudu,cochlearium,kaÅŸÄ±k
fork,å‰,å‰ (caa1),ãƒ•ã‚©ãƒ¼ã‚¯ (ãµã‰ãƒ¼ã),Gabel,í¬í¬,fourchette,tenedor,nÄ©m,vork,gaffel,garfo,forchetta,Ø´ÙˆÙƒØ© (shawkah),Ğ²Ğ¸Ğ»ĞºĞ°,gardan,tunÃ§,kÄ±lÄ±Ã§
plate,ç›˜å­,ç¢Ÿ (dip6),çš¿ (ã•ã‚‰),Teller,ì ‘ì‹œ,assiette,plato,dÄ©a,bord,bjÃ¶rk,prato,piatto,ØµØ­Ù† (sahn),Ñ‚Ğ°Ñ€ĞµĞ»ĞºĞ°,pinggan,patella,tabak
cup,æ¯å­,æ¯ (bui1),ã‚«ãƒƒãƒ— (ã‹ã£ã·),Tasse,ì»µ,tasse,taza,cá»‘c,kop,kopp,chÃ¡vena,tazza,ÙƒÙˆØ¨ (kub),Ñ‡Ğ°ÑˆĞºĞ°,cawan,pyxis,bardak
breakfast,æ—©é¤,æ—©é¤ (zou2 caan1),æœé£Ÿ (ã¡ã‚‡ã†ã—ã‚‡ã),FrÃ¼hstÃ¼ck,ì•„ì¹¨ì‹ì‚¬,petit-dÃ©jeuner,desayuno,bá»¯a sÃ¡ng,ontbijt,frukost,cafÃ© da manhÃ£,colazione,ÙˆØ¬Ø¨Ø© Ø§Ù„ÙØ·ÙˆØ± (wajbat alfuTuur),Ğ·Ğ°Ğ²Ñ‚Ñ€Ğ°Ğº,sarapan,jentaculum,kahvaltÄ±
lunch,åˆé¤,åˆé¤ (ng5 caan1),æ˜¼é£Ÿ (ã¡ã‚…ã†ã—ã‚‡ã),Mittagessen,ì ì‹¬ì‹ì‚¬,dÃ©jeuner,almuerzo,bá»¯a trÆ°a,lunch,lunch,almoÃ§o,pranzo,ÙˆØ¬Ø¨Ø© Ø§Ù„ØºØ¯Ø§Ø¡ (wajbat alghada'),Ğ¾Ğ±ĞµĞ´,makan tengah hari,prandium,Ã¶ÄŸle yemeÄŸi
dinner,æ™šé¤,æ™šé¤ (maan5 caan1),å¤•é£Ÿ (ã‚†ã†ã—ã‚‡ã),Abendessen,ì €ë…ì‹ì‚¬,dÃ®ner,cena,bá»¯a tá»‘i,avondeten,middag,jantar,cena,ÙˆØ¬Ø¨Ø© Ø§Ù„Ø¹Ø´Ø§Ø¡ (wajbat aleasha'),ÑƒĞ¶Ğ¸Ğ½,makan malam,cena,akÅŸam yemeÄŸi
sugar,ç³–,ç³– (tong4),ç ‚ç³– (ã•ã¨ã†),Zucker,ì„¤íƒ•,sucre,azÃºcar,Ä‘Æ°á»ng,suiker,socker,aÃ§Ãºcar,zucchero,Ø³ÙƒØ± (sukkar),ÑĞ°Ñ…Ğ°Ñ€,gula,saccharum,ÅŸeker
salt,ç›,é¹½ (jim4),å¡© (ã—ãŠ),Salz,ì†Œê¸ˆ,sel,sal,s muá»‘i,zout,salt,sal,zucchero,Ù…Ù„Ø­ (milh),ÑĞ¾Ğ»ÑŒ,garam,sal,tuz
bottle,ç“¶å­,æ¨½ (zung1),ãƒœãƒˆãƒ« (ã¼ã¨ã‚‹),Flasche,ë³‘,bouteille,botella,chai,fles,flaska,garrafa,bottiglia,Ø²Ø¬Ø§Ø¬Ø© (zujaja),Ğ±ÑƒÑ‚Ñ‹Ğ»ĞºĞ°,botol,ampulla,ÅŸiÅŸe
ğŸ†™home,å®¶,å±‹ä¼ (uk1 kei2),å®¶ (ã„ãˆ),Zuhause,ì§‘,maison,casa,nhÃ ,huis,hem,casa,casa,Ù…Ù†Ø²Ù„ (manzil),Ğ´Ğ¾Ğ¼,rumah,domus,ev
table,æ¡Œå­,æ± (tok3 zi2),æœº (ã¤ããˆ),Tisch,íƒì,table,mesa,bÃ n,tafel,bord,mesa,tavolo,Ø·Ø§ÙˆÙ„Ø© (taula),ÑÑ‚Ğ¾Ğ»,meja,mensa,masa
chair,æ¤…å­,æ¤… (ji1),æ¤…å­ (ã„ã™),Stuhl,ì˜ì,chaise,silla,gháº¿,stoel,stol,cadeira,sedia,ÙƒØ±Ø³ÙŠ (kursi),ÑÑ‚ÑƒĞ»,kerusi,sella,sandalye
bed,åºŠ,åºŠ (coeng4),ãƒ™ãƒƒãƒ‰ (ã¹ã£ã©),Bett,ì¹¨ëŒ€,lit,cama,giÆ°á»ng,bed,sovrum,cama,letto,Ø³Ø±ÙŠØ± (saryr),ĞºÑ€Ğ¾Ğ²Ğ°Ñ‚ÑŒ,tilam,lectus,yatak
dream,æ¢¦,å¤¢ (mung6),å¤¢ (ã‚†ã‚),Traum,ê¿ˆ,rÃªve,sueÃ±o,giáº¥c mÆ¡,droom,drom,sonho,sogno,Ø­Ù„Ù… (hulm),ÑĞ¾Ğ½,mimpi,somn,uyku
window,çª—,çª— (coeng1),çª“ (ã¾ã©),Fenster,ì°½,fenÃªtre,ventana,cá»­a sá»•,venster,fÃ¶nster,janela,finestra,Ù†Ø§ÙØ°Ø© (nafidhah),Ğ¾ĞºĞ½Ğ¾,jendela,ianua,pencere
door,é—¨,é–€ (mun4),ãƒ‰ã‚¢ (ã©ã‚),TÃ¼r,ë¬¸,porte,puerta,cá»­a,deur,dÃ¶rr,porta,porta,Ø¨Ø§Ø¨ (bab),Ğ´Ğ²ĞµÑ€ÑŒ,pintu,ianua,kapÄ±
bedroom,å§å®¤,è‡¥å®¤ (ngoh6 sat1),å¯å®¤ (ã—ã‚“ã—ã¤),Schlafzimmer,ì¹¨ì‹¤,chambre,dormitorio,phÃ²ng ngá»§,slaapkamer,sovrum,quarto,camera da letto,ØºØ±ÙØ© Ù†ÙˆÙ… (ghurfat nawm),ÑĞ¿Ğ°Ğ»ÑŒĞ½Ñ,bilik tidur,cubiculum dormitorium,yatak odasÄ±
kitchen,å¨æˆ¿,å»šæˆ¿ (cyu4 fong1),ã‚­ãƒƒãƒãƒ³ (ãã£ã¡ã‚“),KÃ¼che,ë¶€ì—Œ,cuisine,cocina,báº¿p,keuken,kÃ¶k,cozinha,cucina,Ù…Ø·Ø¨Ø® (matbakh),ĞºÑƒÑ…Ğ½Ñ,dapur,cucina,mutfak
bathroom,æµ´å®¤,æµ´å®¤ (juk6 sat1),æµ´å®¤ (ã‚ˆãã—ã¤),Badezimmer,ìš•ì‹¤,salle de bain,baÃ±o,phÃ²ng táº¯m,badkamer,badrum,banheiro,bagno,Ø­Ù…Ø§Ù… (hammam),Ğ²Ğ°Ğ½Ğ½Ğ°Ñ,ruang mandi,thermae bali,hamam
pencil,é“…ç¬”,é‰›ç­† (jyun4 bat1),é‰›ç­† (ãˆã‚“ã´ã¤),Bleistift,ì—°í•„,crayon,lÃ¡piz,bÃºt chÃ¬,potlood,penna,papel,matita,Ù‚Ù„Ù… Ø±ØµØ§Øµ (qalam raá¹£Äá¹£),ĞºĞ°Ñ€Ğ°Ğ½Ğ´Ğ°Ñˆ,pensel,graphium,pencil
pen,é’¢ç¬”,é‹¼ç­† (gong1 bat1),ä¸‡å¹´ç­† (ã¾ã‚“ã­ã‚“ã²ã¤),FÃ¼ller,íœ,stylo,pluma,bÃºt má»±c,pen,vÃ¤xelpenna,caneta,penna,Ù‚Ù„Ù… (qalam),Ñ€ÑƒÑ‡ĞºĞ°,pena,calamus,pulpen
photograph,ç…§ç‰‡,ç›¸ç‰‡ (siu1 pin3),å†™çœŸ (ã—ã‚ƒã—ã‚“),Fotografie,ì‚¬ì§„,photographie,fotografÃ­a,áº£nh,foto,fotografi,fotografia,fotografia,ØµÙˆØ±Ø© (sura),Ñ„Ğ¾Ñ‚Ğ¾Ğ³Ñ€Ğ°Ñ„Ğ¸Ñ,fotografi,fotographia,fotograf
soap,è‚¥çš‚,è‚¥çš‚ (fei4 cou2),çŸ³ã‘ã‚“ (ã›ã£ã‘ã‚“),Seife,ë¹„ëˆ„,savon,jabÃ³n,xÃ  phÃ²ng,zeep,tvÃ¥l,sabÃ£o,sapone,ØµØ§Ø¨ÙˆÙ† (sabun),Ğ¼Ñ‹Ğ»Ğ¾,sabun,sapo,sapun
book,ä¹¦,æ›¸ (syu1),æœ¬ (ã»ã‚“),Buch,ì±…,livre,libro,sÃ¡ch,boek,bok,livro,libro,ÙƒØªØ§Ø¨ (kitab),ĞºĞ½Ğ¸Ğ³Ğ°,buku,liber,kitap
page,é¡µ,é  (jip6),ãƒšãƒ¼ã‚¸ (ãºãƒ¼ã˜),Seite,í˜ì´ì§€,page,pÃ¡gina,trang,pagina,sida,pÃ¡gina,pagina,ØµÙØ­Ø© (safhah),ÑÑ‚Ñ€Ğ°Ğ½Ğ¸Ñ†Ğ°,muka,fascia,seyfah
key,é’¥åŒ™,é‘°åŒ™ (joek3 si4),éµ (ã‹ã),SchlÃ¼ssel,ì—´ì‡ ,clÃ©,llave,chÃ¬a khÃ³a,sleutel,nyckel,chave,chiave,Ù…ÙØªØ§Ø­ (miftÄá¸¥),ĞºĞ»ÑÑ‡,kunci,clavis,anahtar
paint,é¢œæ–™,æ²¹æ¼† (jau4 cat1),çµµã®å…· (ãˆã®ã),Farbe,í˜ì¸íŠ¸,peinture,pintura,sÆ¡n,verf,fÃ¤rg,tinta,pittura,Ø¯Ù‡Ø§Ù† (dihan),ĞºÑ€Ğ°ÑĞºĞ°,cat,coenit,boya
letter,ä¿¡,ä¿¡ (seon3),æ‰‹ç´™ (ã¦ãŒã¿),Brief,í¸ì§€,lettre,carta,thÆ°,brief,brev,carta,lettera,Ø±Ø³Ø§Ù„Ø© (risÄlah),Ğ¿Ğ¸ÑÑŒĞ¼Ğ¾,surat,epistula,mektup
note,ç¬”è®°,ç­†è¨˜ (bat1 gei3),ãƒãƒ¼ãƒˆ (ã®ãƒ¼ã¨),Notiz,ë…¸íŠ¸,note,nota,ghi chÃº,notitie,anteckning,nota,nota,Ù…Ù„Ø§Ø­Ø¸Ø© (mulÄá¸¥aáº“ah),Ğ·Ğ°Ğ¼ĞµÑ‚ĞºĞ°,catatan,nota,not
wall,å¢™,ç‰† (coeng4),å£ (ã‹ã¹),Wand,ë²½,mur,pared,tÆ°á»ng,wand,vÃ¤gg,parede,muro,Ø¬Ø¯Ø§Ø± (jidÄr),ÑÑ‚ĞµĞ½Ğ°,dinding,murus,duvar
paper,çº¸,ç´™ (zi2),ç´™ (ã‹ã¿),Papier,ì¢…ì´,papier,papel,gia,papier,papper,papel,carta,ÙˆØ±Ù‚Ø© (warqah),Ğ±ÑƒĞ¼Ğ°Ğ³Ğ°,kertas,charta,kaÄŸÄ±t
floor,åœ°æ¿,åœ°æ¿ (dei6 baan2),åºŠ (ã‚†ã‹),Boden,ë°”ë‹¥,sol,suelo,sÃ n,vloer,golv,piso,pavimento,Ø£Ø±Ø¶ÙŠØ© (ará¸Ä«yah),Ğ¿Ğ¾Ğ»,lantai,pavimentum,zemin
ceiling,å¤©èŠ±æ¿,å¤©èŠ±æ¿ (tin1 faa1 baan2),å¤©äº• (ã¦ã‚“ã˜ã‚‡ã†),Decke,ì²œì¥,plafond,techo,tráº§n,plafond,tak,teto,soffitto,Ø³Ù‚Ù (saqf),Ğ¿Ğ¾Ñ‚Ğ¾Ğ»Ğ¾Ğº,siling,fastigium,tavan
roof,å±‹é¡¶,å±‹é ‚ (uk1 deng2),å±‹æ ¹ (ã‚„ã­),Dach,ì§€ë¶•,toit,techo,mÃ¡i nhÃ ,dak,tak,telhado,tetto,Ø³Ù‚Ù (saqf),ĞºÑ€Ñ‹ÑˆĞ°,atap,tectum,Ã§atÄ±
pool,æ¸¸æ³³æ± ,æ³³æ±  (jau4 jung4 ci4),ãƒ—ãƒ¼ãƒ« (ã·ãƒ¼ã‚‹),Pool,ìˆ˜ì˜ì¥,piscine,piscina,bá»ƒ bÆ¡i,zwembad,bassÃ¤ng,piscina,piscina,Ù…Ø³Ø¨Ø­ (musbah),Ğ±Ğ°ÑÑĞµĞ¹Ğ½,kolam renang,piscina,pool
lock,é”,é– (so2),éµ (ã‹ã),Schloss,ìë¬¼ì‡ ,serrure,cerradura,khÃ³a,slot,lÃ¥s,fechadura,serratura,Ù‚ÙÙ„ (qifl),Ğ·Ğ°Ğ¼Ğ¾Ğº,kunci,carenae ianuae,kilit
telephone,ç”µè¯,é›»è©± (din6 waa2),é›»è©± (ã§ã‚“ã‚),Telefon,ì „í™”,tÃ©lÃ©phone,telÃ©fono,Ä‘iá»‡n thoáº¡i,telefoon,telefon,telefone,telefono,Ù‡Ø§ØªÙ (hatif),Ñ‚ĞµĞ»ĞµÑ„Ğ¾Ğ½,telefon,telephonium,telefon
garden,èŠ±å›­,èŠ±åœ’ (faa1 jyun4),åº­åœ’ (ã¦ã„ãˆã‚“),Garten,ì •ì›,jardin,jardÃ­n,sÃ¢n vÆ°á»n,tuin,trÃ¤dgÃ¥rd,jardim,giardino,Ø­Ø¯ÙŠÙ‚Ø© (hadÄ«qah),ÑĞ°Ğ´,taman,hortus,bahÃ§e
yard,é™¢å­,é™¢ (jyun6 zi2),åº­ (ã¦ã„),Hof,ë§ˆë‹¹,cour,patio,sÃ¢n,tuin,gÃ¥rd,quintal,cortile,ÙÙ†Ø§Ø¡ (finÄ'),Ğ´Ğ²Ğ¾Ñ€,halaman,atrium,courtyard
needle,é’ˆ,é‡ (zin1),é‡ (ã¯ã‚Š),Nadel,ë°”ëŠ˜,aiguille,aguja,kim,knaald,sticka,agulha,ago,Ø¥Ø¨Ø±Ø© (ibrah),Ğ¸Ğ³Ğ»Ğ°,jarum,acus,ipe
bag,è¢‹å­,è¢‹ (doi1 zi2),è¢‹ (ãµãã‚),Tasche,ê°€ë°©,sac,bolsa,tÃºi,tas,vÃ¤ska,bolsa,borsa,Ø­Ù‚ÙŠØ¨Ø© (haqibah),ÑÑƒĞ¼ĞºĞ°,tas,bursa,Ã§anta
box,ç›’å­,ç›’ (hak2 zi2),ç®± (ã¯ã“),Schachtel,ìƒì,boÃ®te,caja,há»™p,doos,ask,caixa,scatola,ØµÙ†Ø¯ÙˆÙ‚ (sanduq),ĞºĞ¾Ñ€Ğ¾Ğ±ĞºĞ°,kotak,cista,ÅŸeker
gift,ç¤¼ç‰©,ç¦®ç‰© (lai5 mat6),è´ˆã‚Šç‰© (ãŠãã‚Šã‚‚ã®),Geschenk,ì„ ë¬¼,cadeau,regalo,quÃ ,cadeau,present,presente,regalo,Ù‡Ø¯ÙŠØ© (hadÄ«yah),Ğ¿Ğ¾Ğ´Ğ°Ñ€Ğ¾Ğº,hadiah,donum,hediye
card,å¡ç‰‡,å¡ç‰‡ (kaa1 pin2),ã‚«ãƒ¼ãƒ‰ (ã‹ãƒ¼ã©),Karte,ì¹´ë“œ,carte,tarjeta,tháº»,kaart,kort,cartÃ£o,carta,Ø¨Ø·Ø§Ù‚Ø© (bitaqa),ĞºĞ°Ñ€Ñ‚Ğ°,kartu,tessera,kart
ring,æˆ’æŒ‡,æˆ’æŒ‡ (gaai3 zi2),æŒ‡è¼ª (ã‚†ã³ã‚),Ring,ë°˜ì§€,bague,anillo,chiáº¿c nháº«n,ring,ring,anel,anello,Ø®Ø§ØªÙ… (khatam),ĞºĞ¾Ğ»ÑŒÑ†Ğ¾,cincin,annulus,yÃ¼zÃ¼k
tool,å·¥å…·,å·¥å…· (gung1 gu3),é“å…· (ã©ã†ã),Werkzeug,ë„êµ¬,outil,herramienta,dá»¥ng cá»¥,gereedschap,verktyg,ferramenta,strumento,Ø£Ø¯Ø§Ø© (adÄh),Ğ¸Ğ½ÑÑ‚Ñ€ÑƒĞ¼ĞµĞ½Ñ‚,alat,instrumentum,araÃ§
ğŸ†™electronics,ç”µå­äº§å“,é›»å­ç”¢å“,é›»å­è£½å“,Elektronik,ì „ìì œí’ˆ,Ã©lectronique,electrÃ³nica,Ä‘iá»‡n tá»­,elektronica,elektronik,eletrÃ´nicos,elettronica,Ø¥Ù„ÙƒØªØ±ÙˆÙ†ÙŠØ§Øª('iilikturuniaat),ÑĞ»ĞµĞºÑ‚Ñ€Ğ¾Ğ½Ğ¸ĞºĞ°,elektronik,electronics,elektronik
clock,æ—¶é’Ÿ,é˜,æ™‚è¨ˆ,Uhr,ì‹œê³„,horloge,reloj,Ä‘á»“ng há»“,klok,klocka,relÃ³gio,orologio,Ø³Ø§Ø¹Ø©,Ñ‡Ğ°ÑÑ‹,jam,horologium,saat
lamp,å°ç¯,å°ç‡ˆ,ãƒ©ãƒ³ãƒ—,Lampe,ì „ë“±,lampe,lÃ¡mpara,Ä‘Ã¨n,lamp,lampa,lÃ¢mpada,lampada,Ù…ØµØ¨Ø§Ø­,Ğ»Ğ°Ğ¼Ğ¿Ğ°,lampu,lampas,lamba
fan,é£æ‰‡,é¢¨æ‰‡,æ‰‡é¢¨æ©Ÿ,Ventilator,ì„ í’ê¸°,ventilateur,ventilador,quáº¡t,ventilator,flÃ¤kt,ventoinha,ventilatore,Ù…Ø±ÙˆØ­Ø©,Ğ²ĞµĞ½Ñ‚Ğ¸Ğ»ÑÑ‚Ğ¾Ñ€,kipas,flabellum,vantilatÃ¶r
cell phone,æ‰‹æœº,æ‰‹æ©Ÿ,æºå¸¯é›»è©±,Handy,í•¸ë“œí°,tÃ©lÃ©phone portable,telÃ©fono mÃ³vil,Ä‘iá»‡n thoáº¡i di Ä‘á»™ng,mobiele telefoon,mobiltelefon,telefone celular,telefono cellulare,Ù‡Ø§ØªÙ,Ğ¼Ğ¾Ğ±Ğ¸Ğ»ÑŒĞ½Ñ‹Ğ¹ Ñ‚ĞµĞ»ĞµÑ„Ğ¾Ğ½,telefon bimbit,mobiles telefonum,cep telefonu
network,ç½‘ç»œ,ç¶²çµ¡,ãƒãƒƒãƒˆãƒ¯ãƒ¼ã‚¯,Netzwerk,ë„¤íŠ¸ì›Œí¬,rÃ©seau,red,máº¡ng,nÃ¤tverk,network,rede,rete,Ø´Ø¨ÙƒØ©,ÑĞµÑ‚ÑŒ,rangkaian,rete,network
computer,ç”µè„‘,é›»è…¦,ã‚³ãƒ³ãƒ”ãƒ¥ãƒ¼ã‚¿ãƒ¼,Computer,ì»´í“¨í„°,ordinateur,computadora,mÃ¡y tÃ­nh,computer,dator,computador,computer,ÙƒÙ…Ø¨ÙŠÙˆØªØ±,ĞºĞ¾Ğ¼Ğ¿ÑŒÑÑ‚ĞµÑ€,komputer,komputer,bilgisayar
program,ç¨‹åº,ç¨‹åº,ãƒ—ãƒ­ã‚°ãƒ©ãƒ ,Programm,í”„ë¡œê·¸ë¨,programme,programa,chÆ°Æ¡ng trÃ¬nh,program,program,programa,programma,Ø¨Ø±Ù†Ø§Ù…Ø¬,Ğ¿Ñ€Ğ¾Ğ³Ñ€Ğ°Ğ¼Ğ¼Ğ°,program,programma,program
laptop,ç¬”è®°æœ¬ç”µè„‘,ç­†è¨˜æœ¬é›»è…¦,ãƒãƒ¼ãƒˆãƒ‘ã‚½ã‚³ãƒ³,Laptop,ë…¸íŠ¸ë¶,ordinateur portable,portÃ¡til,mÃ¡y tÃ­nh xÃ¡ch tay,laptop,laptop,laptop,laptop,Ù„Ø§Ø¨ØªÙˆØ¨,Ğ½Ğ¾ÑƒÑ‚Ğ±ÑƒĞº,laptop,laptop,laptop
screen,å±å¹•,å±å¹•,ã‚¹ã‚¯ãƒªãƒ¼ãƒ³,Bildschirm,í™”ë©´,Ã©cran,pantalla,mÃ n hÃ¬nh,scherm,skÃ¤rm,tela,schermo,Ø´Ø§Ø´Ø©,ÑĞºÑ€Ğ°Ğ½,skrin,sceen,ekran
camera,ç›¸æœº,ç›¸æ©Ÿ,ã‚«ãƒ¡ãƒ©,Kamera,ì¹´ë©”ë¼,camÃ©ra,cÃ¡mara,mÃ¡y áº£nh,camera,kamera,cÃ¢mera,fotocamera,ÙƒØ§Ù…ÙŠØ±Ø§,ĞºĞ°Ğ¼ĞµÑ€Ğ°,kamera,kamera,kamera
television,ç”µè§†,é›»è¦–,ãƒ†ãƒ¬ãƒ“,Fernseher,í…”ë ˆë¹„ì „,tÃ©lÃ©vision,televisiÃ³n,ti vi,televisie,television,televisÃ£o,televisione,ØªÙ„ÙØ²ÙŠÙˆÙ†,Ñ‚ĞµĞ»ĞµĞ²Ğ¸Ğ·Ğ¾Ñ€,televisyen,televisio,televizyon
radio,æ”¶éŸ³æœº,æ”¶éŸ³æ©Ÿ,ãƒ©ã‚¸ã‚ª,Radio,ë¼ë””ì˜¤,radio,radio,Ä‘Ã i radio,radio,radio,rÃ¡dio,radio,Ø±Ø§Ø¯ÙŠÙˆ,Ñ€Ğ°Ğ´Ğ¸Ğ¾,radio,radio,radyo
ğŸ†™body,èº«ä½“,èº«é«” (san1 tai2),ä½“ (ã‹ã‚‰ã ),KÃ¶rper,ì‹ ì²´,corps,cuerpo,thÃ¢n thá»ƒ,lichaam,kropp,corpo,corpo,Ø¬Ø³Ø¯ (jism),Ñ‚ĞµĞ»Ğ¾,tubuh,corpus,vÃ¼cut
head,å¤´,é ­ (tau4),é ­ (ã‚ãŸã¾),Kopf,ë¨¸ë¦¬,tÃªte,cabeza,Ä‘áº§u,hoofd,huvud,cabeÃ§a,testa,Ø±Ø£Ø³ (ras),Ğ³Ğ¾Ğ»Ğ¾Ğ²Ğ°,kepala,caput,kafa
neck,è„–å­,é ¸ (but3 zi2),é¦– (ãã³),Hals,ëª©,cou,cuello,cá»•,nek,hals,pescoÃ§o,collo,Ø±Ù‚Ø¨Ø© (raqabah),ÑˆĞµÑ,leher,collum,boyun
face,è„¸,é¢ (lim5),é¡” (ã‹ãŠ),Gesicht,ì–¼êµ´,visage,cara,khuÃ´n máº·t,gezicht,ansikte,rosto,viso,ÙˆØ¬Ù‡ (wajh),Ğ»Ğ¸Ñ†Ğ¾,muka,vultus,yÃ¼z
beard,èƒ¡é¡»,é¬é¬š (wu4 sou1),ã²ã’,Haar,HÃ¼ftwuchs,barbe,barba,rÃ¢u,baard,skÃ¤gg,barba,barba,Ù„Ø­ÙŠØ© (lahyah),Ğ±Ğ¾Ñ€Ğ¾Ğ´Ğ°,janggut,barba,akil
hair,å¤´å‘,é ­é«® (tau4 faat3),é«ª (ã‹ã¿),Haare,ë¨¸ë¦¬ì¹´ë½,cheveux,pelo,tÃ³c,haar,hÃ¥r,cabelo,capelli,Ø´Ø¹Ø± (sha'r),Ğ²Ğ¾Ğ»Ğ¾ÑÑ‹,rambut,capillus,saÃ§
eye,çœ¼ç›,çœ¼ (ngaan5 zing1),ç›® (ã‚),Auge,ëˆˆ,Å“il,ojo,máº¯t,oog,Ã¶ga,olho,occhio,Ø¹ÙŠÙ† (ayn),Ğ³Ğ»Ğ°Ğ·,mata,oculus,gÃ¶z
mouth,å˜´å·´,å£ (zeoi2 baa1),å£ (ãã¡),Mund,ì…,bouche,boca,miá»‡ng,mond,mun,mouth,bocca,ÙÙ… (fam),Ñ€Ğ¾Ñ‚,mulut,os,ayak
lip,å˜´å”‡,å”‡ (zeon1 ceon4),å”‡ (ãã¡ã³ã‚‹),Lippe,ì…ìˆ ,lÃ¨vre,labio,mÃ´i,lip,lÃ¤pp,lÃ¡bio,labbro,Ø´ÙØ© (shafa),Ğ³ÑƒĞ±Ğ°,bibir,labiis,diÅŸilik
nose,é¼»å­,é¼» (bei6 zi2),é¼» (ã¯ãª),Nase,ì½”,nez,nariz,mÅ©i,neus,nÃ¤sa,nariz,naso,Ø£Ù†Ù (anf),Ğ½Ğ¾Ñ,hidung,nasus,burun
tooth,ç‰™é½¿,é½’ (ngaa4 ci2),æ­¯ (ã¯),Zahn,ì´, dent,diente,rÄƒng,tand,tand,dente,dente,Ø³Ù† (sin),Ğ·ÑƒĞ±,gigi,dens,diÅŸ
ear,è€³æœµ,è€³ (ji5 dou6),è€³ (ã¿ã¿),Ohr,ê·€,oreja,oreja,tai,oor,Ã¶ra,orecchio,orecchio,Ø£Ø°Ù† (udhun),ÑƒÑ…Ğ¾,telinga,auris,kulak
tear (drop),çœ¼æ³ª,æ·š (lei6),æ¶™ (ãªã¿ã ),TrÃ¤ne,ëˆˆë¬¼,larme,lÃ¡grima,nÆ°á»›c máº¯t,traan,tÃ¥r,lÃ¡grima,lacrime,Ø¯Ù…Ø¹Ø© (dam'ah),ÑĞ»ĞµĞ·Ğ°,air mata,lacrima,gÃ¶z yaÅŸ
tongue,èˆŒå¤´,èˆŒé ­ (sit3 tau2),èˆŒ (ã—ãŸ),Zunge,í˜€,langue,lengua,lÆ°á»¡i,tong,tunga,lÃ­ngua,lingua,Ù„Ø³Ø§Ù† (lisan),ÑĞ·Ñ‹Ğº,lidah,lingua,dil
back,èƒŒéƒ¨,èƒŒ (bui3),èƒŒä¸­ (ã›ãªã‹),RÃ¼cken,ë“±,dos,espalda,lÆ°ng,rug,rÃ¼cke,costas,schiena,Ø¸Ù‡Ø± (zahr),ÑĞ¿Ğ¸Ğ½Ğ°,punggung,dorsum,sÄ±rt
toe,è„šè¶¾,è…³è¶¾ (geok3 zi1),è¶³ã®æŒ‡ (ã‚ã—ã®ã‚†ã³),Zehe,ë°œê°€ë½,orteil,dedo del pie,ngÃ³n chÃ¢n,teen,toa,dedo do pÃ©,dito del piede,Ø¥ØµØ¨Ø¹ Ø§Ù„Ù‚Ø¯Ù… (isba' al-qadam),Ğ¿Ğ°Ğ»ĞµÑ† Ğ½Ğ¾Ğ³Ğ¸,jari kaki,pes digitus,parmak
finger,æ‰‹æŒ‡,æ‰‹æŒ‡ (sau2 zi2),æŒ‡ (ã‚†ã³),Finger,ì†ê°€ë½,doigt,dedo,cÃ¡i tay,vinger,finger,dedo,dito,Ø¥ØµØ¨Ø¹ (isba'),Ğ¿Ğ°Ğ»ĞµÑ†,pelukan,tango,dokunma
foot,è„š,è…³ (geok3),è¶³ (ã‚ã—),FuÃŸ,ë°œ,pied,pie,chÃ¢n,voet,fot,pÃ©,piede,Ù‚Ø¯Ù… (qadam),ÑÑ‚Ğ¾Ğ¿Ğ°,kaki,pes,ayak
hand,æ‰‹,æ‰‹ (sau2),æ‰‹ (ã¦),Hand,ì†,main,mano,tay,hand,hand,mÃ£o,mano,ÙŠØ¯ (yad),Ñ€ÑƒĞºĞ°,tangan,manus,el
leg,è…¿,è…¿ (teoi2),è„š (ã‚ã—),Bein,ë‹¤ë¦¬,jambe,pierna,chÃ¢n,been,bent,pÃ©na,pierna,Ù‚Ø¯Ù… (qadam),Ğ½Ğ¾Ğ³Ğ°,kaki,crus,gamba
arm,æ‰‹è‡‚,æ‰‹è‡‚ (sau2 bei3),è…• (ã†ã§),Arm,íŒ”,bras,brazo,cÃ¡nh tay,arm,arm,bra,brazzo,Ø°Ø±Ø§Ø¹ (dhira'),Ñ€ÑƒĞºĞ°,tangan,cubitus,kol
shoulder,è‚©è†€,è‚©è†€ (gin1 bong1),è‚© (ã‹ãŸ),Schulter,ì–´ê¹¨,Ã©paule,hombro,vai,shoulder,axel,ombro,spalla,ÙƒØªÙ (katif),Ğ¿Ğ»ĞµÑ‡Ğ¾,bahu,humerus,omuz
heart,å¿ƒè„,å¿ƒè‡Ÿ (sam1 zong1),å¿ƒè‡“ (ã—ã‚“ãã†),Herz,ì‹¬ì¥,cÅ“ur,corazÃ³n,trÃ¡i tim,hart,hjÃ¤rta,coraÃ§Ã£o,cuore,Ù‚Ù„Ø¨ (qalb),ÑĞµÑ€Ğ´Ñ†Ğµ,hati,cor,cÅ“ur
blood,è¡€,è¡€ (hyut3),è¡€ (ã¡),Blut,í”¼,sangre,sangre,mÃ¡u,bloed,blod,sangue,sangue,Ø¯Ù… (dam),ĞºÑ€Ğ¾Ğ²ÑŒ,darah,sanguis,kan
brain,è„‘,è…¦ (naau5),è„³ (ã®ã†),Gehirn,ë‡Œ,cerveau,cerebro,nÃ£o,hersenen,hjÃ¤rna,cÃ©rebro,cervello,Ø¯Ù…Ø§Øº (dimagh),Ğ¼Ğ¾Ğ·Ğ³,otak,cerebrum,beyin
knee,è†ç›–,è†è“‹ (zik6 goi2),è† (ã²ã–),Knie,ë¬´ë¦,genou,rodilla,gá»‘i,knie,knÃ¤,joelho,ginocchio,Ø±ÙƒØ¨Ø© (rukba),ĞºĞ¾Ğ»ĞµĞ½Ğ¾,lutut,genu,fare
sweat,æ±—,æ±— (hon6),æ±— (ã‚ã›),SchweiÃŸ,ë•€,transpiration,sudor,má»“ hÃ´i,zweet,svett,suor,sudore,Ø¹Ø±Ù‚ (araq),Ğ¿Ğ¾Ñ‚,keringat,sudor,ter
disease,ç–¾ç—…,ç–¾ç—… (zap1 beng6),ç—…æ°— (ã³ã‚‡ã†ã),Krankheit,ì§ˆë³‘,maladie,enfermedad,bá»‡nh,ziekte,sjukdom,doenÃ§a,malattia,Ù…Ø±Ø¶ (maradh),Ğ±Ğ¾Ğ»ĞµĞ·Ğ½ÑŒ,penyakit,morbus,hastalÄ±k
bone,éª¨å¤´,éª¨é ­ (gwat1 tau2),éª¨ (ã»ã­),Knochen,ë¼ˆ,os,hueso,xÆ°Æ¡ng,bot,ben,osso,osso,Ø¹Ø¸Ù… (adh'am),ĞºĞ¾ÑÑ‚ÑŒ,tulang,os,iskelet
voice,å£°éŸ³,è²éŸ³ (seng1 jam1),å£° (ã“ãˆ),Stimme,ëª©ì†Œë¦¬,voix,voz,giá»ng,norm,stÃ¤mma,voz,voce,ØµÙˆØª (sawt),Ğ³Ğ¾Ğ»Ğ¾Ñ,suara,vox,vurgu
skin,çš®è‚¤,çš®è†š (pei4 fu1),çš®è†š (ã²ãµ),Haut,í”¼ë¶€,peau,piel,da,huid,hud,pele,pelle,Ø¬Ù„Ø¯ (jild),ĞºĞ¾Ğ¶Ğ°,kulit,cutis,cilt
ğŸ†™nature,è‡ªç„¶,è‡ªç„¶ (zi6 jin4),è‡ªç„¶ (ã—ãœã‚“),Natur,ìì—°,nature,naturaleza,thiÃªn nhiÃªn,natuur,naturza,priroda,natureza,Ø·Ø¨ÙŠØ¹Ø© (tabi'a),Ğ¿Ñ€Ğ¸Ñ€Ğ¾Ğ´Ğ°,alam semula jadi,natura,doÄŸa
sea,æµ·æ´‹,æµ· (hoi2),æµ· (ã†ã¿),Meer,ë°”ë‹¤,mer,mar,b biá»ƒn,zee,hav,mar,mare,Ø¨Ø­Ø± (bahar),Ğ¼Ğ¾Ñ€Ğµ,laut,mare,deniz
ocean,æµ·æ´‹,æµ·æ´‹ (hoi2 joeng4),æµ·æ´‹ (ã‹ã„ã‚ˆã†),Ozean,ëŒ€ì–‘,ocÃ©an,ocÃ©ano,Ä‘áº¡i dÆ°Æ¡ng,oceaan,havet,oceano,oceano,Ù…Ø­ÙŠØ· (muhit),Ğ¾ĞºĞµĞ°Ğ½,lautan,oceanus,okyanus
river,æ²³,æ²³ (ho4),å· (ã‹ã‚),Fluss,ê°•,riviÃ¨re,rÃ­o,sÃ´ng,rivier,flod,rio,fiume,Ù†Ù‡Ø± (nahr),Ñ€ĞµĞºĞ°,sungai,flumen,nehir
mountain,å±±,å±± (saan1),å±± (ã‚„ã¾),Berg,ì‚°,montaÃ±a,montaÃ±a,nÃºi,berg,berg,montanha,montagna,Ø¬Ø¨Ù„ (jabal),Ğ³Ğ¾Ñ€Ğ°,gunung,montis,daÄŸ
rain,é›¨,é›¨ (jyu5),é›¨ (ã‚ã‚),Regen,ë¹„,pluie,lluvia,mÆ°a,regen,regn,chuva,pioggia,Ù…Ø·Ø± (matar),Ğ´Ğ¾Ğ¶Ğ´ÑŒ,hujan,imber,yaÄŸmur
snow,é›ª,é›ª (syut3),é›ª (ã‚†ã),Schnee,ëˆˆ,neige,nieve,tuyáº¿t,sneeuw,snÃ¶,neve,neve,Ø«Ù„Ø¬ (thalj),ÑĞ½ĞµĞ³,salju,nix,kar
tree,æ ‘,æ¨¹ (syu6),æœ¨ (ã),Baum,ë‚˜ë¬´,arbre,Ã¡rbol,cÃ¢y,boom,trÃ¤d,Ã¡rvore,albero,Ø´Ø¬Ø±Ø© (shajara),Ğ´ĞµÑ€ĞµĞ²Ğ¾,pohon,arbor, aÄŸaÃ§
sun,å¤ªé˜³,å¤ªé™½ (taai3 joeng4),å¤ªé™½ (ãŸã„ã‚ˆã†),Sonne,í•´,soleil,sol,máº·t trá»i,zon,sol,sol,sole,Ø´Ù…Ø³ (shams),ÑĞ¾Ğ»Ğ½Ñ†Ğµ,matahari,sol, gÃ¼neÅŸ
moon,æœˆäº®,æœˆäº® (jyut6 loeng6),æœˆ (ã¤ã),Mond,ë‹¬,lune,luna, máº·t trÄƒng,maan,mÃ¥ne,lua,luna,Ù‚Ù…Ø± (qamar),Ğ»ÑƒĞ½Ğ°,bulan,luna,ay
world,ä¸–ç•Œ,ä¸–ç•Œ (sai3 gaai3),ä¸–ç•Œ (ã›ã‹ã„),Welt,ì„¸ê³„,monde,mundo,tháº¿ giá»›i,wereld,vÃ¤rld,mundo,mondo,Ø¹Ø§Ù„Ù… (alam),Ğ¼Ğ¸Ñ€,dunia,mundus,dÃ¼nya
Earth,åœ°çƒ,åœ°çƒ (dei6 kau4),åœ°çƒ (ã¡ãã‚…ã†),Erde,ì§€êµ¬,terre,Tierra,TrÃ¡i Ä‘áº¥t,Aarde,Jord,Terra,Terra,Ø£Ø±Ø¶ (ard),Ğ—ĞµĞ¼Ğ»Ñ,Bumi,Terra,DÃ¼nya
forest,æ£®æ—,æ£®æ— (sam1 lam4),æ£®æ— (ã—ã‚“ã‚Šã‚“),Wald,ìˆ²,forÃªt,bosque,rá»«ng,bos,skog,floresta,bosco,ØºØ§Ø¨Ø© (ghabah),Ğ»ĞµÑ,hutan,silva,orman
sky,å¤©ç©º,å¤©ç©º (tin1 hung1),ç©º (ãã‚‰),Himmel,í•˜ëŠ˜,ciel,cie lo,báº§u trá»i, lucht,himmel, cÃ©u,cie lo,Ø³Ù…Ø§Ø¡ (samaa'),Ğ½ĞµĞ±Ğ¾,langit,caelum,gÃ¶kyÃ¼zÃ¼
plant,æ¤ç‰©,æ¤ç‰© (zik6 mat6),æ¤ç‰© (ã—ã‚‡ãã¶ã¤),Pflanze,ì‹ë¬¼,plante,planta,thá»±c váº­t,plant, vÃ¤xt,planta,pianta,Ù†Ø¨Ø§Øª (nabat),Ñ€Ğ°ÑÑ‚ĞµĞ½Ğ¸Ğµ,tumbuhan,plantae,bitki
wind,é£,é¢¨ (fung1),é¢¨ (ã‹ãœ),Wind,ë°”ëŒ,vent, viento,giÃ³,wind,vind,vento,vento,Ø±ÙŠØ§Ø­ (riyah),Ğ²ĞµÑ‚ĞµÑ€,giÃ³,ventus,rÃ¼zgar
soil/earth,åœŸåœ°,åœŸåœ° (tou2 dei6),åœŸå£Œ (ã¤ã¡),Boden,í™, sol/terre,tierra,Ä‘áº¥t,aarde,jord,solo/terra,terra,Ø£Ø±Ø¶ (ard),Ğ·ĞµĞ¼Ğ»Ñ,tanah,solum,toprak
flower,èŠ±,èŠ± (faa1),èŠ± (ã¯ãª),Blume,ê½ƒ,fleur,flor,hoa,bloem,blomma,flo r,fiore,Ø²Ù‡Ø±Ø© (zahra),Ñ†Ğ²ĞµÑ‚Ğ¾Ğº,bunga,flos,Ã§iÃ§ek
valley,å±±è°·,å±±è°· (saan1 guk1),è°· (ãŸã«),Tal,ê³„ê³¡,vallÃ©e,valle,thung lÅ©ng, vallei,dal,vale,valle,ÙˆØ§Ø¯ÙŠ (wadi),Ğ´Ğ¾Ğ»Ğ¸Ğ½Ğ°,thung lÅ©ng,vallis,vadi
root,æ ¹,æ ¹ (gan1),æ ¹ (ã­),Wurzel,ë¿Œë¦¬, racine,raÃ­z,gá»‘c,wortel,rot,raiz,radice,Ø¬Ø°Ø± (jazar),ĞºĞ¾Ñ€ĞµĞ½ÑŒ,akar,radix,kÃ¶k
lake,æ¹–,æ¹– (wu4),æ¹– (ã¿ãšã†ã¿),See,í˜¸,lac,lago,há»“,meer,sjÃ¶,lago,lago,Ø¨Ø­ÙŠØ±Ø© (buhayrah),Ğ¾Ğ·ĞµÑ€Ğ¾,danau,lacus,gÃ¶l
star,æ˜Ÿæ˜Ÿ,æ˜Ÿ (sing1),æ˜Ÿ (ã»ã—),Stern,ë³„,Ã©toile,estrella,ngÃ´i sao,ster, stjÃ¤rna,estrela,stella,Ù†Ø¬Ù…Ø© (najmah),Ğ·Ğ²ĞµĞ·Ğ´Ğ°,bintang,stella,yÄ±ldÄ±z
grass,è‰,è‰ (cou2),è‰ (ãã•),Gras,í’€,herbe, hierba,cá»,gras,grÃ¤s,erva,erba,Ø¹Ø´Ø¨ (ushb),Ñ‚Ñ€Ğ°Ğ²Ğ°,rumput,herba,ot
leaf,å¶å­,è‘‰ (jip6 zi2),è‘‰ (ã¯),Blatt,ì,feuille, hoja,lÃ¡,blad,blad,folha,foglia,ÙˆØ±Ù‚Ø© (warqah),Ğ»Ğ¸ÑÑ‚,daun,folium,yaprak
air,ç©ºæ°”,ç©ºæ°£ (hung1 hei3),ç©ºæ°— (ãã†ã),Luft,ê³µê¸°,air,aire,khÃ´ng khÃ­,lucht,luft, ar,aria,Ù‡ÙˆØ§Ø¡ (hawa'),Ğ²Ğ¾Ğ·Ğ´ÑƒÑ…,udara,aer,aÄŸÄ±r
sand,æ²™,æ²™ (saa1),ç ‚ (ã™ãª),Sand,ëª¨ë˜,sable,arena,cÃ¡t,zand,sand,sabbia,areia,Ø±Ù…Ù„ (raml),Ğ¿ĞµÑĞ¾Ğº,pasir,arena,kum
beach,æµ·æ»©,æµ·ç˜ (hoi2 taan1),æµœè¾º (ã¯ã¾ã¹),Strand,í•´ë³€,plage, playa,bÃ£i biá»ƒn,strand,strand,praia,spiaggia,Ø´Ø§Ø·Ø¦ (shaá¹­Ä«'),Ğ¿Ğ»ÑĞ¶,pantai,littus,kumsal
wave,æ³¢,æ³¢ (bo1),æ³¢ (ãªã¿),Welle,íŒŒë„, vague,onda,sÃ³ng,golf,vÃ¥g,onda,onda,Ù…ÙˆØ¬Ø© (mawjah),Ğ²Ğ¾Ğ»Ğ½Ğ°,ghi,unda,dalga
fire,ç«,ç« (fo2),ç« (ã²),Feuer,ë¶ˆ,feu,fuego,lá»­a,vuur,eld,fogo, fuoco,Ù†Ø§Ø± (nar),Ğ¾Ğ³Ğ¾Ğ½ÑŒ,api,ignis,ateÅŸ
ice,å†°,å†° (beng1),æ°· (ã“ãŠã‚Š),Eis,ì–¼ìŒ,gla ce,hielo,Ä‘Ã¡,ijs,is,gelo,ghiaccio,Ø¬Ù„ÙŠØ¯ (jalyd),Ğ»ĞµĞ´,es,brex,gÃ¶kyÃ¼zÃ¼
island,å²›,å³¶ (dou2),å³¶ (ã—ã¾),Insel,ì„¬,Ã®le,isla,Ä‘áº£o,eiland,Ã¶, ilha,isola,Ø¬Ø²ÙŠØ±Ø© (jazÄ«rah),Ğ¾ÑÑ‚Ñ€Ğ¾Ğ²,pulau,insula,ada
hill,å±±ä¸˜,å±±ä¸˜ (saan1 kau4),ä¸˜ (ãŠã‹),HÃ¼gel,ì–¸ë•,colline,colina,Ä‘á»“i,heuvel,kulle,colina,collina,ØªÙ„ (tall),Ñ…Ğ¾Ğ»Ğ¼,bukit,colles,tepesi
heat,çƒ­,ç†± (jit6),ç†± (ã­ã¤),Hitze,ì—´,cha leur,calor,nhiá»‡t Ä‘á»›i,warmte,vÃ¤rme,calor,calore,Ø­Ø±Ø§Ø±Ø© (hararah),Ğ¶Ğ°Ñ€Ğ°,haba,calor,Ä±sÄ±
ğŸ†™materials,ææ–™,ææ–™ (coi4 liu2),ç´ æ (ãã–ã„),Material,ì¬ë£Œ,matÃ©riaux,materiales,váº­t liá»‡u,materiaal,material,materiais,materiale,Ù…ÙˆØ§Ø¯ (mawad),Ğ¼Ğ°Ñ‚ĞµÑ€Ğ¸Ğ°Ğ»Ñ‹,bahan,basis,materyal
glass,ç»ç’ƒ,ç»ç’ƒ (bo1 lei4),ã‚¬ãƒ©ã‚¹ (ãŒã‚‰ã™),Glas,ìœ ë¦¬,verre,vidrio,kÃ­nh,glas,glass,vidro,vetro,Ø²Ø¬Ø§Ø¬ (zujaj),ÑÑ‚ĞµĞºĞ»Ğ¾,kaca,vitrum,cam
metal,é‡‘å±,é‡‘å±¬ (gam1 suk6),é‡‘å± (ãã‚“ãã),Metall,ê¸ˆì†,mÃ©tal,metal,kim loáº¡i,metaal,metall,metal,metallo,Ù…Ø¹Ø¯Ù† (ma'din),Ğ¼ĞµÑ‚Ğ°Ğ»Ğ»,logam,metallum,metal
plastic,å¡‘æ–™,å¡‘è†  (so1 gaau1),ãƒ—ãƒ©ã‚¹ãƒãƒƒã‚¯ (ã·ã‚‰ã™ã¡ã£ã),Plastik,í”Œë¼ìŠ¤í‹±,plastique,plÃ¡stico,nhá»±a,kunststof,plast,plÃ¡stico,plastica,Ø¨Ù„Ø§Ø³ØªÙŠÙƒ (blÄstÄ«k),Ğ¿Ğ»Ğ°ÑÑ‚Ğ¸Ğº,plastikum,plastik,plastik
wood,æœ¨æ,æœ¨æ (muk6 coi4),æœ¨æ (ã‚‚ãã–ã„),Holz,ë‚˜ë¬´,bois,madera,gá»—,hout,trÃ¤,madeira,legno,Ø®Ø´Ø¨ (khashab),Ğ´ĞµÑ€ĞµĞ²Ğ¾,kayu,lignum,ahÅŸap
stone,çŸ³å¤´,çŸ³é ­ (sek6 tau4),çŸ³ (ã„ã—),Stein,ëŒ,pierre,piedra,Ä‘Ã¡,steen,sten,pedra,pietra,Ø­Ø¬Ø± (hajar),ĞºĞ°Ğ¼ĞµĞ½ÑŒ,batu,lapis,lÃ¢p
diamond,é’»çŸ³,é‘½çŸ³ (zyun1 sek6),ãƒ€ã‚¤ãƒ¤ãƒ¢ãƒ³ãƒ‰ (ã ã„ã‚„ã‚‚ã‚“ã©),Diamant,ë‹¤ì´ì•„ëª¬ë“œ,diamant,diamante,kim cÆ°Æ¡ng,diamant,diamant,diamante,diamante,Ø£Ù„Ù…Ø§Ø³ (almÄs),Ğ°Ğ»Ğ¼Ğ°Ğ·,berlian,diamas,adamantem
clay,é»åœŸ,é»åœŸ (nim4 tou2),ç²˜åœŸ (ã­ã‚“ã©),Ton,ì í† ,argile,arcilla,gáº¡ch, klei,lera,argila,terra,Ø·ÙŠÙ† (tÄ«n),Ğ³Ğ»Ğ¸Ğ½Ğ°,tanah liat,caenum,kil
dust,ç°å°˜,ç°å¡µ (fai1 can4),ã»ã“ã‚Š (hokori),Staub,ë¨¼ì§€,poussiÃ¨re,polvo,bá»¥i,stof,damm,pÃ³,polvere,ØºØ¨Ø§Ø± (ghubar),Ğ¿Ñ‹Ğ»ÑŒ,debu,pulvis,toz
gold,é»„é‡‘,é»ƒé‡‘ (wong4 gam1),é‡‘ (ãã‚“),Gold,ê¸ˆ,or,oro,vÃ ng,goud,guld,ouro,oro,Ø°Ù‡Ø¨ (dhahab),Ğ·Ğ¾Ğ»Ğ¾Ñ‚Ğ¾,emas,aurum,altÄ±n
copper,é“œ,éŠ… (tung4),éŠ… (ã©ã†),Kupfer,êµ¬ë¦¬,cuivre,cobre,Ä‘á»“ng,koper,koppar,cobre,rame,Ù†Ø­Ø§Ø³ (nihÄs),Ğ¼ĞµĞ´ÑŒ,tembaga,cuprum,bakÄ±r
silver,é“¶,éŠ€ (ngan4),éŠ€ (ãã‚“),Silber,ì€,argent,plata,báº¡c,zilver,silver,prata,argento,ÙØ¶Ø© (fiddah),ÑĞµÑ€ĞµĞ±Ñ€Ğ¾,perak,argentum,gÃ¼mÃ¼ÅŸ
ğŸ†™math/measurements,æ•°å­¦/æµ‹é‡,æ•¸å­¸/æ¸¬é‡ (suk1 hok6/cak1 loeng4),æ•°å­¦/è¨ˆæ¸¬ (ã™ã†ãŒã/ã‘ã„ãã),Mathematik/ Messung,ìˆ˜í•™/ì¸¡ì •,math/mesure,matemÃ¡ticas,toÃ¡n há»c/Ä‘o lÆ°á»ng,wiskunde/meting,matematik/mÃ¤tning,matemÃ¡tica/mensuraÃ§Ã£o,matematica/misurazione,Ø±ÙŠØ§Ø¶ÙŠØ§Øª/Ù‚ÙŠØ§Ø³ (riyadiyat/qiyas),Ğ¼Ğ°Ñ‚ĞµĞ¼Ğ°Ñ‚Ğ¸ĞºĞ°/Ğ¸Ğ·Ğ¼ĞµÑ€ĞµĞ½Ğ¸Ñ,matematik/pengukuran,mathesis/mensura,matematik/Ã¶lÃ§Ã¼m
meter,ç±³,ç±³ (mai5),ãƒ¡ãƒ¼ãƒˆãƒ« (ã‚ãƒ¼ã¨ã‚‹),Meter,ë¯¸í„°,mÃ¨tre,metro,mÃ©t, meter,meter,metro,metro,Ù…ØªØ± (mitr),Ğ¼ĞµÑ‚Ñ€,meter,meter,meter
centimeter,å˜ç±³,å˜ç±³ (lei4 mai5),ã‚»ãƒ³ãƒãƒ¡ãƒ¼ãƒˆãƒ« (ã›ã‚“ã¡ã‚ãƒ¼ã¨ã‚‹),Zentimeter,ì„¼í‹°ë¯¸í„°,centimÃ¨tre,centÃ­metro,centimet,centimeter,centimeter,centimetro,centimetro,Ø³Ù†ØªÙŠÙ…ØªØ± (sentimetr),ÑĞ°Ğ½Ñ‚Ğ¸Ğ¼ĞµÑ‚Ñ€,centimeter,centimeter,centimetre
kilogram,å…¬æ–¤,å…¬æ–¤ (gung1 gan1),ã‚­ãƒ­ã‚°ãƒ©ãƒ  (ãã‚ãã‚‰ã‚€),Kilogramm,í‚¬ë¡œê·¸ë¨,kilogramme,kilogramo,kilÃ´gam,kilogram,kilogram,kilogrammo,chilogrammo,ÙƒÙŠÙ„ÙˆØ¬Ø±Ø§Ù… (kÄ«lÅ«jirÄm),ĞºĞ¸Ğ»Ğ¾Ğ³Ñ€Ğ°Ğ¼Ğ¼,kilogram,kilogram,kilogram
inch,è‹±å¯¸,è‹±å¯¸ (jing1 cyun3),ã‚¤ãƒ³ãƒ (ã„ã‚“ã¡),Zoll,ì¸ì¹˜,pouce,pulgada,inches,inch,tum,polegada,pollice,Ø¨ÙˆØµØ© (bÅ«á¹£ah),Ğ´ÑĞ¹Ğ¼,inci,uncia,inch
foot,è‹±å°º,å‘ (cing1 cek3),ãƒ•ã‚£ãƒ¼ãƒˆ (ãµãƒãƒ¼ã¨),FuÃŸ,í”¼íŠ¸,pied,pie,foot,voet,fot,pÃ©,pÃ©,Ù‚Ø¯Ù… (qadam),Ñ„ÑƒÑ‚,kaki,pes,pied
pound,ç£…,ç£… (bong6),ãƒãƒ³ãƒ‰ (ã½ã‚“ã©),Pfund,íŒŒìš´ë“œ,livre,libra,pound,pound,pund,libra,libbra,Ø±Ø·Ù„ (ratl),Ñ„ÑƒĞ½Ñ‚,pound,pound,pound
half,åŠ,åŠ (bun3),åŠ (ã¯ã‚“),halb,ë°˜,moitiÃ©,medio,ná»­a,half,hÃ¤lft,metade,metÃ ,Ù†ØµÙ (nisf),Ğ¿Ğ¾Ğ»Ğ¾Ğ²Ğ¸Ğ½Ğ°,setengah,semi,half
circle,åœ†,åœ“ (jyun4),å†† (ãˆã‚“),Kreis,ì›,cercle,cÃ­rculo,hÃ¬nh trÃ²n,cirkel,cirkel,cÃ­rculo,circolo,Ø¯Ø§Ø¦Ø±Ø© (dÄÊ¼irah),ĞºÑ€ÑƒĞ³,bulatan,circulus,daire
square,å¹³æ–¹,å¹³æ–¹ (ping4 fong1),å¹³æ–¹ (ã¸ã„ã»ã†),Quadrat,ì œê³±,carrÃ©,cuadrado,hÃ¬nh vuÃ´ng,vierkant,kvadrat,quadrado,quadrato,Ù…Ø±Ø¨Ø¹ (murabbaÊ»),ĞºĞ²Ğ°Ğ´Ñ€Ğ°Ñ‚,persegi,kvadratus,kare
temperature,æ¸©åº¦,æº«åº¦ (wan1 dou6),æ¸©åº¦ (ãŠã‚“ã©),Temperatur,ì˜¨ë„,tempÃ©rature,temperatura,nhiá»‡t Ä‘á»™,temperatuur,temperatur,temperatura,temperatura,Ø¯Ø±Ø¬Ø© Ø­Ø±Ø§Ø±Ø© (darajat á¸¥arÄrah),Ñ‚ĞµĞ¼Ğ¿ĞµÑ€Ğ°Ñ‚ÑƒÑ€Ğ°,suhu,temperatura,Ä±sÄ±
date,æ—¥æœŸ,æ—¥æœŸ (jat6 jat6),æ—¥ä»˜ (ã²ã¥ã‘),Datum,ë‚ ì§œ,date,fecha,ngÃ y,datum,datum,data,data,ØªØ§Ø±ÙŠØ® (tÄrÄ«kh),Ğ´Ğ°Ñ‚Ğ°,tarikh,data,tarih
weight,é‡é‡,é‡é‡ (zung6 loeng6),é‡ã• (ãŠã‚‚ã•),Gewicht,ë¬´ê²Œ,poids,peso,trá»ng lÆ°á»£ng,gewicht,vikt,peso,peso,ÙˆØ²Ù† (wazn),Ğ²ĞµÑ,berat,pondus,aÄŸÄ±rlÄ±k
edge,è¾¹ç¼˜,é‚Šç·£ (bin1 jyun4),ç«¯ (ã¯ã—),Kante,ê°€ì¥ìë¦¬,bordes,borde,cáº¡nh,rand,kant,borda,bordo,Ø­Ø§ÙØ© (haafa),ĞºÑ€Ğ°Ğ¹,tepi,margo,kenar
corner,è§’è½,è§’è½ (gok3 lok6),è§’ (ã‹ã©),Ecke,êµ¬ì„,coin,esquina,gÃ³c,hoek,hÃ¶rn,canto,angolo,Ø²Ø§ÙˆÙŠØ© (zÄwiyah),ÑƒĞ³Ğ¾Ğ»,sudut,angulus,kÃ¶ÅŸe
ğŸ†™misc nouns,å…¶ä»–åè¯,å…¶ä»–åè© (kei4 ta1 ming4 ci4),ãã®ä»–ã®åè© (ãã®ãŸã®ã‚ã„ã—),Sonstiges Substantiv,ê¸°íƒ€ ëª…ì‚¬,autres noms,otros sustantivos,cÃ¡c danh tá»« khÃ¡c,diverse zelfstandige naamwoorden,Ã¶vriga substantiv,outros substantivos,altri sostantivi,Ø£Ø³Ù…Ø§Ø¡ Ù…ØªÙØ±Ù‚Ø© (asma' mutafarriqa),Ğ´Ñ€ÑƒĞ³Ğ¸Ğµ ÑÑƒÑ‰ĞµÑÑ‚Ğ²Ğ¸Ñ‚ĞµĞ»ÑŒĞ½Ñ‹Ğµ,kata nama lain,lÄ“xica alia,various isimler
map,åœ°å›¾,åœ°åœ– (dei6 tou4),åœ°å›³ (ã¡ãš),Karte,ì§€ë„,carte,map,báº£n Ä‘á»“,karta,karta,mapa,mappa,Ø®Ø±ÙŠØ·Ø© (kharita),ĞºĞ°Ñ€Ñ‚Ğ°,peta,mappa,harita
dot,ç‚¹,é» (dim2),ç‚¹ (ã¦ã‚“),Punkt,ì ,point,punto,cháº¥m,punt,punkt,ponto,punto,Ù†Ù‚Ø·Ø© (nuqta),Ñ‚Ğ¾Ñ‡ĞºĞ°,titik,punctum,nokta
consonant,è¾…éŸ³,è¼”éŸ³ (fu6 jam1),å­éŸ³ (ã—ã„ã‚“),Konsonant,ììŒ,consonne,consonante,phá»¥ Ã¢m,medeklinker,konsonant,consoante,consonante,Ø­Ø±Ù Ø³Ø§ÙƒÙ† (harf sakin),ÑĞ¾Ğ³Ğ»Ğ°ÑĞ½Ğ°Ñ,konsonan,consonans,konsonant
vowel,å…ƒéŸ³,å…ƒéŸ³ (jyun4 jam1),æ¯éŸ³ (ã¼ã„ã‚“),Vokal,ëª¨ìŒ,voyelle,vocal,nguyÃªn Ã¢m,klinker,vokal,vogal,vocale,Ø­Ø±Ù Ù…ØªØ­Ø±Ùƒ (harf mutaharrik),Ğ³Ğ»Ğ°ÑĞ½Ğ°Ñ,vokal,vocalis,vokal
light,å…‰,å…‰ (gwong1),å…‰ (ã²ã‹ã‚Š),Licht,ë¹›,lumiÃ¨re,luz,Ã¡nh sÃ¡ng,licht,ljus,luz,luce,Ø¶ÙˆØ¡ (daw'),ÑĞ²ĞµÑ‚,cahaya,lux,Ä±ÅŸÄ±k
sound,å£°éŸ³,è²éŸ³ (seng1 jam1),éŸ³ (ãŠã‚“),Klang,ì†Œë¦¬,son,sonido,Ã¢m thanh,geluid,ljud,som,suono,ØµÙˆØª (sawt),Ğ·Ğ²ÑƒĞº,suara,sonus,sound
yes,æ˜¯,ä¿‚ (hai6),ã¯ã„ (hai),Ja,ë„¤,oui,sÃ­,vÃ¢ng,ja,ja,sim,sÃ¬,Ù†Ø¹Ù… (naam),Ğ´Ğ°,ya,ita,evet
no,ä¸æ˜¯,å””ä¿‚ (m4 hai6),ã„ã„ãˆ (iie),Nein,ì•„ë‹ˆì˜¤,non,no,khÃ´ng,nee,nej,nÃ£o,no,Ù„Ø§ (la),Ğ½ĞµÑ‚,tidak,non,hayÄ±r
piece,ç‰‡,ç‰‡ (pin3),éƒ¨åˆ† (ã¶ã¶ã‚“),StÃ¼ck,ì¡°ê°,morceau,pedazo,máº£nh,stuk,bit,peÃ§a,pezzo,Ù‚Ø·Ø¹Ø© (qitaa),ĞºÑƒÑĞ¾Ğº,potongan,pars,tane
pain,ç—›,ç—› (tung3),ç—›ã¿ (ã„ãŸã¿),Schmerz,ì•„í””,douleur,dolor,Ä‘au,pijn,smÃ¤rta,dor,dolore,Ø£Ù„Ù… (alam),Ğ±Ğ¾Ğ»ÑŒ,sakit,dolor,acÄ±
injury,ä¼¤,å‚· (soeng1),æ€ªæˆ‘ (ã‘ãŒ),Verletzung,ë¶€ìƒ,blessure,lesiÃ³n,váº¿t thÆ°Æ¡ng,blessure,skada,lesÃ£o,lesione,Ø¥ØµØ§Ø¨Ø© (isabah),Ñ‚Ñ€Ğ°Ğ²Ğ¼Ğ°,luka,laesio,yaralanma
hole,æ´,æ´ (dung6),ç©´ (ã‚ãª),Loch,êµ¬ë©,trou,agujero,lá»—,gat,hÃ¥l,buraco,buco,Ø­ÙØ±Ø© (hafra),Ğ¾Ñ‚Ğ²ĞµÑ€ÑÑ‚Ğ¸Ğµ,lubang,cavum,delik
image,å›¾åƒ,åœ–åƒ (tou4 coeng2),ç”»åƒ (ãŒãã†),Bild,ì´ë¯¸ì§€,image,imagen,hÃ¬nh áº£nh,afbeelding,bild,imagem,immagine,ØµÙˆØ±Ø© (sura),Ğ¸Ğ·Ğ¾Ğ±Ñ€Ğ°Ğ¶ĞµĞ½Ğ¸Ğµ,gambar,imago,resim
pattern,å›¾æ¡ˆ,åœ–æ¡ˆ (tou4 on3),æ¨¡æ§˜ (ã‚‚ã‚ˆã†),Muster,ë¬´ëŠ¬,modÃ¨le,patrÃ³n,máº«u,patroon,mÃ¶nster,padrÃ£o,disegno,Ù†Ù…Ø· (namit),ÑƒĞ·Ğ¾Ñ€,pola,pars,model
noun,åè¯,åè© (ming4 ci4),åè© (ã‚ã„ã—),Substantiv,ëª…ì‚¬,nom,sustantivo,danh tá»«,naamwoord,substantiv,substantivo,sostantivo,Ø§Ø³Ù… (ism),ÑÑƒÑ‰ĞµÑÑ‚Ğ²Ğ¸Ñ‚ĞµĞ»ÑŒĞ½Ğ¾Ğµ,kata benda,nomen,isim
verb,åŠ¨è¯,å‹•è© (dung6 ci4),å‹•è© (ã©ã†ã—),Verb,ë™ì‚¬,verbe,verbo,Ä‘á»™ng tá»«,werkwoord,verb,verbo,verbo,ÙØ¹Ù„ (fi'l),Ğ³Ğ»Ğ°Ğ³Ğ¾Ğ»,kata kerja,verbum,fiil
adjective,å½¢å®¹è¯,å½¢å®¹è© (jing4 jung2 ci4),å½¢å®¹è© (ã‘ã„ã‚ˆã†ã—),Adjektiv,í˜•ìš©ì‚¬,adjectif,adjetivo,tÃ­nh tá»«,bijvoeglijk naamwoord,adjektiv,adjetivo,aggettivo,ØµÙØ© (sifa),Ğ¿Ñ€Ğ¸Ğ»Ğ°Ğ³Ğ°Ñ‚ĞµĞ»ÑŒĞ½Ğ¾Ğµ,kata sifat,adjectiv,sÄ±fat
ğŸ†™directions,æ–¹å‘,æ–¹å‘ (fong1 hoeng3),æ–¹å‘ (ã»ã†ã“ã†),Richtungen,ë°©í–¥,directions,direcciones,hÆ°á»›ng,richtingen,riktningar,instruÃ§Ãµes,indicazioni,Ø§ØªØ¬Ø§Ù‡Ø§Øª (itijahat),Ğ½Ğ°Ğ¿Ñ€Ğ°Ğ²Ğ»ĞµĞ½Ğ¸Ñ,arahan,regiones,yonlar
top,é¡¶éƒ¨,é ‚éƒ¨ (dang2 bou6),ä¸Šéƒ¨ (ã†ã‚ã¹),oben,ìœ„,top,arriba,trÃªn,top,top,cima,alto,Ø£Ø¹Ù„Ù‰ (a'ala),Ğ²ĞµÑ€Ñ… (verkh),atas,summus,Ã¼st
bottom,åº•éƒ¨,åº•éƒ¨ (dai2 bou6),åº•éƒ¨ (ãã“ã¶),unten,ë°‘,bas,bajo,dÆ°á»›i,bodem,botten,fundo,fondo,Ø£Ø³ÙÙ„ (asfal),Ğ½Ğ¸Ğ· (niz),dasar,basis,alt
side,ä¾§é¢,å´é‚Š (cak1 bin1),å´é¢ (ããã‚ã‚“),Seite,ì˜†ìª½,cÃ´tÃ©,lado,bÃªn,zijde,sida,lado,lato,Ø¬Ø§Ù†Ø¨ (janb),ÑÑ‚Ğ¾Ñ€Ğ¾Ğ½Ğ° (storona),sisi,latus,yan
front,å‰é¢,å‰é¢ (cin4 min6),å‰é¢ (ã¾ãˆã‚ã‚“),Vorderseite,ì•,avant,frontal,trÆ°á»›c,voor,sida,dianteiro,anterior,Ø§Ù„ÙˆØ§Ø¬Ù‡Ø© (alwajhah),Ğ¿ĞµÑ€ĞµĞ´ (pered),depan,ante,Ã¶n
back,åé¢,å¾Œé¢ (hau6 min6),å¾Œé¢ (ã†ã—ã‚ã‚ã‚“),RÃ¼ckseite,ë’¤,arriÃ¨re,trasero,phÃ­a sau,achter,sida,traseiro,posteriore,Ø§Ù„Ø¸Ù‡Ø± (adh-dhar),Ğ·Ğ°Ğ´ (zad),belakang,dorsum,geri
outside,å¤–é¢,å¤–é¢ (ngoi6 min6),å¤–å´ (ãã¨ãŒã‚),auÃŸen,ë°–,extÃ©rieur,exterior,ngoÃ i,buiten,utan,exterior,esterno,Ø®Ø§Ø±Ø¬ (kharij),ÑĞ½Ğ°Ñ€ÑƒĞ¶Ğ¸ (snaruzhi),luar,foris,dÄ±ÅŸarÄ±
inside,é‡Œé¢,è£¡é¢ (lei5 min6),å†…å´ (ã†ã¡ãŒã‚),innen,ì•ˆ,intÃ©rieur,interior,bÃªn trong,binnen,innan,interior,interno,Ø¯Ø§Ø®Ù„ (dakhil),Ğ²Ğ½ÑƒÑ‚Ñ€Ğ¸ (vnutri),dalam,interior,iÃ§eri
up,å‘ä¸Š,ä¸Š (soeng6),ä¸Šã¸ (ã†ãˆã¸),hoch,ìœ„ë¡œ,haut,arriba,lÃªn,omhoog,upp,cima,su,ÙÙˆÙ‚ (fawq),Ğ²Ğ²ĞµÑ€Ñ… (vverkh),ke atas,summus,yukarÄ±
down,ä¸‹,ä¸‹ (haa6),ä¸‹ (ã—ãŸ),unten,ì•„ë˜,vers le bas,abajo,xuá»‘ng,beneden,ner,para baixo,giÃ¹,Ø£Ø³ÙÙ„ (asfal),Ğ²Ğ½Ğ¸Ğ· (vniz),bawah,deorsum,aÅŸaÄŸÄ±
left,å·¦,å·¦ (zo2),å·¦ (ã²ã ã‚Š),links,ì™¼ìª½,gauche,izquierda,trÃ¡i,links,vÃ¤nster,esquerdo,sinistra,Ø§Ù„ÙŠØ³Ø§Ø± (al-yasar),ÑĞ»ĞµĞ²Ğ° (sleva),kiri,lÃ¦va,sol
right,å³,å³ (jau6),å³ (ã¿ã),rechts,ì˜¤ë¥¸ìª½,droit,derecha,pháº£i,rechts,hÃ¶ger,direito,destra,Ø§Ù„ÙŠÙ…ÙŠÙ† (al-yameen),ÑĞ¿Ñ€Ğ°Ğ²Ğ° (sprava),kanan,dexter,sag
straight,ç›´,ç›´ (zik6),ã¾ã£ã™ã (massugu),gerade,ê³§ì¥,droit,derecho,tháº³ng,rechtdoor,rakt,em linha reta,dritto,Ù…Ø³ØªÙ‚ÙŠÙ… (mustaqim),Ğ¿Ñ€ÑĞ¼Ğ¾ (pryamo),langsung,rectus,dÃ¼z
north,åŒ—,åŒ— (bak1),åŒ— (ããŸ),Norden,ë¶,nord,norte,báº¯c,noord,norr,norte,nord,Ø´Ù…Ø§Ù„ (shamal),ÑĞµĞ²ĞµÑ€ (sever),utara,septentrion,ÅŸimal
south,å—,å— (naam4),å— (ã¿ãªã¿),SÃ¼den,ë‚¨,sud,sur,nam,zuid,syd,sul,sud,Ø¬Ù†ÙˆØ¨ (junub),ÑĞ³ (yug),selatan,meridies,gÃ¼ney
east,ä¸œ,æ± (dung1),æ± (ã²ãŒã—),Osten,ë™,est,este,Ä‘Ã´ng,oost,Ã¶st,leste,est,Ø´Ø±Ù‚ (sharq),Ğ²Ğ¾ÑÑ‚Ğ¾Ğº (vostok),timur,oriens,doÄŸu
west,è¥¿,è¥¿ (sai1),è¥¿ (ã«ã—),Westen,ì„œ,ouest,oeste,tÃ¢y,westen,vÃ¤st,oeste,ovest,ØºØ±Ø¨ (gharb),Ğ·Ğ°Ğ¿Ğ°Ğ´ (zapad),barat,occidens,batÄ±
ğŸ†™seasons,å­£èŠ‚,å­£ç¯€ (gwai1 zit3),å­£ç¯€ (ãã›ã¤),Jahreszeiten,ê³„ì ˆ,saisons,estaciones,mÃ¹a,seizoenen,sÃ¤songer,estaÃ§Ãµes,stagioni,ÙØµÙˆÙ„ (fusul),ÑĞµĞ·Ğ¾Ğ½Ñ‹,musim,tempestates,mevsimler
Summer,å¤å¤©,å¤å¤© (haa6 tin1),å¤ (ãªã¤),Sommer,ì—¬ë¦„,Ã©tÃ©,verano,MÃ¹a HÃ¨,zomer,sommar,verÃ£o,estate,ØµÙŠÙ (sif),Ğ»ĞµÑ‚Ğ¾ (leto),musim panas,aestas, yaz
Spring,æ˜¥å¤©,æ˜¥å¤© (ceon1 tin1),æ˜¥ (ã¯ã‚‹),FrÃ¼hling,ë´„,printemps,primavera,MÃ¹a XuÃ¢n,lente,vÃ¥r,primavera,primavera,Ø±Ø¨ÙŠØ¹ (rabia),Ğ²ĞµÑĞ½Ğ° (vesna),musim semi,ver,aÃ§Ä±k
Winter,å†¬å¤©,å†¬å¤© (dung1 tin1),å†¬ (ãµã‚†),Winter,ê²¨ìš¸,hiver,invierno,MÃ¹a ÄÃ´ng,winter,vinter,inverno,inverno,Ø´ØªØ§Ø¡ (sheta'),Ğ·Ğ¸Ğ¼Ğ° (zima),musim dingin,hiems,kÄ±ÅŸ
Fall,ç§‹å¤©,ç§‹å¤© (cau1 tin1),ç§‹ (ã‚ã),Herbst,ê°€ì„,automne,otoÃ±o,MÃ¹a Thu,herfst,hÃ¶st,outono,autunno,Ø®Ø±ÙŠÙ (kharif),Ğ¾ÑĞµĞ½ÑŒ (osen'),musim luruh,autumn/queda,sonbahar
ğŸ†™numbers,æ•°å­—,æ•¸å­— (syu3 zi6),æ•°å­— (ã™ã†ã˜),Zahlen,ìˆ«ì,nombres,nÃºmeros,sá»‘,getallen,siffror,nÃºmeros,numeri,Ø£Ø±Ù‚Ø§Ù… (arqam),Ñ‡Ğ¸ÑĞ»Ğ°,angka,numeri,rakamlar
0,é›¶,é›¶ (ling4),é›¶ (ã‚Œã„),null,ì˜,zÃ©ro,cero,khÃ´ng,nul,noll,zero,zero,ØµÙØ± (sifr),Ğ½Ğ¾Ğ»ÑŒ (nol'),kosong,nulla,sÄ±fÄ±r
1,ä¸€,ä¸€ (jat1),ä¸€ (ã„ã¡),eins,ì¼,un,uno,má»™t,Ã©Ã©n,ett,um,uno,ÙˆØ§Ø­Ø¯ (wahid),Ğ¾Ğ´Ğ¸Ğ½ (odin),satu,unus,bir
2,äºŒ,äºŒ (ji6),äºŒ (ã«),zwei,ì´,deux,dos,hai,twee,tvÃ¥,do,due,Ø§Ø«Ù†Ø§Ù† (ithnan),Ğ´Ğ²Ğ° (dva),dua,duo,iki
3,ä¸‰,ä¸‰ (saam1),ä¸‰ (ã•ã‚“),drei,ì‚¼,trois,tres,ba,drie,tre,trÃªs,tre,Ø«Ù„Ø§Ø«Ø© (thalatha),Ñ‚Ñ€Ğ¸ (tri),tiga,tres,Ã¼Ã§
4,å››,å›› (sei3),å›› (ã—),vier,ì‚¬,quatre,cuatro,bá»‘n,vier,fyra,quatro,quattro,Ø£Ø±Ø¨Ø¹Ø© (arba'a),Ñ‡ĞµÑ‚Ñ‹Ñ€Ğµ (chetyre),empat,quattuor,dÃ¶rt
5,äº”,äº” (ng5),äº” (ã”),fÃ¼nf,ì˜¤,cinq,cinco,nÄƒm,vijf,fem,cinque,cinque,Ø®Ù…Ø³Ø© (khamsah),Ğ¿ÑÑ‚ÑŒ (pyat'),lima,quinque,beÅŸ
6,å…­,å…­ (luk6),å…­ (ã‚ã),sechs,ìœ¡,six,seis,sÃ¡u,zes,sex,sei,sei,Ø³ØªØ© (sittah),ÑˆĞµÑÑ‚ÑŒ (shest'),enam,sex,altÄ±
7,ä¸ƒ,ä¸ƒ (cat1),ä¸ƒ (ãªãª),sieben,ì¹ ,sept,siete,báº£y,zeven,sju,sete,sette,Ø³Ø¨Ø¹Ø© (sab'ah),ÑĞµĞ¼ÑŒ (sem'),tujuh,septem,yedi
8,å…«,å…« (baat3),å…« (ã¯ã¡),acht,íŒ”,huit,ocho,tÃ¡m,acht,Ã¥tta,oito,otto,Ø«Ù…Ø§Ù†ÙŠØ© (thamaniyah),Ğ²Ğ¾ÑĞµĞ¼ÑŒ (vosem'),lapan,octo,sekiz
9,ä¹,ä¹ (gau2),ä¹ (ãã‚…ã†),neun,êµ¬,neuf,nueve,chÃ­n,negen,nio,nove,nove,ØªØ³Ø¹Ø© (tis'ah),Ğ´ĞµĞ²ÑÑ‚ÑŒ (devyat'),sembilan,novem,dokuz
10,å,å (sap6),å (ã˜ã‚…ã†),zehn,ì‹­,dix,diez,mÆ°á»i,tien,tio,dez,dieci,Ø¹Ø´Ø±Ø© (asharah),Ğ´ĞµÑÑÑ‚ÑŒ (desyat'),sepuluh,decem,on
11,åä¸€,åä¸€ (sap6 jat1),åä¸€ (ã˜ã‚…ã†ã„ã¡),elf,ì‹­ì¼,onze,once,mÆ°á»i má»™t,elf,elva,onze,undici,Ø£Ø­Ø¯ Ø¹Ø´Ø± (ahad 'ashar),Ğ¾Ğ´Ğ¸Ğ½Ğ½Ğ°Ğ´Ñ†Ğ°Ñ‚ÑŒ (odinnadtsat'),sebelas,undecim,onbir
12,åäºŒ,åäºŒ (sap6 ji6),åäºŒ (ã˜ã‚…ã†ã«),zwÃ¶lf,ì‹­ì´,douze,doce,mÆ°á»i hai,twaalf,tolv,doze,dodici,Ø§Ø«Ù†Ø§ Ø¹Ø´Ø± (ithna 'ashar),Ğ´Ğ²ĞµĞ½Ğ°Ğ´Ñ†Ğ°Ñ‚ÑŒ (dvenadtsat'),dua belas,duodecim,on iki
13,åä¸‰,åä¸‰ (sap6 saam1),åä¸‰ (ã˜ã‚…ã†ã•ã‚“),dreizehn,ì‹­ì‚¼,treize,trece,mÆ°á»i ba,dertien,tretton,treze,tredici,Ø«Ù„Ø§Ø«Ø© Ø¹Ø´Ø± (thalathat 'ashar),Ñ‚Ñ€Ğ¸Ğ½Ğ°Ğ´Ñ†Ğ°Ñ‚ÑŒ (trinadtsat'),tiga belas,tredecim,on Ã¼Ã§
14,åå››,åå›› (sap6 sei3),åå›› (ã˜ã‚…ã†ã—),vierzehn,ì‹­ì‚¬,quatorze,catorce,mÆ°á»i bá»‘n,veertien,fjorton,quatorze,quattordici,Ø£Ø±Ø¨Ø¹Ø© Ø¹Ø´Ø± (arba'at 'ashar),Ñ‡ĞµÑ‚Ñ‹Ñ€Ğ½Ğ°Ğ´Ñ†Ğ°Ñ‚ÑŒ (chetyrnadtsat'),empat belas,quattuordecim,on dÃ¶rt
15,åäº”,åäº” (sap6 ng5),åäº” (ã˜ã‚…ã†ã”),fÃ¼nfzehn,ì‹­ì˜¤,quinze,quince,mÆ°á»i lÄƒm,vijftien,femton,quinze,quindici,Ø®Ù…Ø³Ø© Ø¹Ø´Ø± (khamsat 'ashar),Ğ¿ÑÑ‚Ğ½Ğ°Ğ´Ñ†Ğ°Ñ‚ÑŒ (pyatnadtsat'),lima belas,quindecim,on beÅŸ
16,åå…­,åå…­ (sap6 luk6),åå…­ (ã˜ã‚…ã†ã‚ã),sechzehn,ì‹­ìœ¡,seize,diecisÃ©is,mÆ°á»i sÃ¡u,zestien,sexton,dezesseis,diciotto,Ø³ØªØ© Ø¹Ø´Ø± (sittah 'ashar),ÑˆĞµÑÑ‚Ğ½Ğ°Ğ´Ñ†Ğ°Ñ‚ÑŒ (shestnadtsat'),enam belas,sexdecim,on altÄ±
17,åä¸ƒ,åä¸ƒ (sap6 cat1),åä¸ƒ (ã˜ã‚…ã†ã—ã¡),siebzehn,ì‹­ì¹ ,dix-sept,diecisiete,mÆ°á»i báº£y,zeventien,sjutton,dezessete,diciassette,Ø³Ø¨Ø¹Ø© Ø¹Ø´Ø± (sab'ah 'ashar),ÑĞµĞ¼Ğ½Ğ°Ğ´Ñ†Ğ°Ñ‚ÑŒ (semnadtsat'),tujuh belas,septendecim,on yedi
18,åå…«,åå…« (sap6 baat3),åå…« (ã˜ã‚…ã†ã¯ã¡),achtzehn,ì‹­íŒ”,dix-huit,dieciocho,mÆ°á»i tÃ¡m,achttien,arton,dezoito,diciotto,Ø«Ù…Ø§Ù†ÙŠØ© Ø¹Ø´Ø± (thamaniyat 'ashar),Ğ²Ğ¾ÑĞµĞ¼Ğ½Ğ°Ğ´Ñ†Ğ°Ñ‚ÑŒ (vosemnadtsat'),lapan belas,duodeviginti,on sekiz
19,åä¹,åä¹ (sap6 gau2),åä¹ (ã˜ã‚…ã†ã),neunzehn,ì‹­êµ¬,dix-neuf,diecinueve,mÆ°á»i chÃ­n,negentien,nitton,dezenove,diciannove,ØªØ³Ø¹Ø© Ø¹Ø´Ø± (tis'ah 'ashar),Ğ´ĞµĞ²ÑÑ‚Ğ½Ğ°Ğ´Ñ†Ğ°Ñ‚ÑŒ (devyatnadtsat'),sembilan belas,undeviginti,on dokuz
20,äºŒå,äºŒå (ji6 sap6),äºŒå (ã«ã˜ã‚…ã†),zwanzig,ìŠ¤ë¬¼,vingt,veinte,hai mÆ°Æ¡i,twintig,tjugo,vinte,venti,Ø¹Ø´Ø±ÙˆÙ† (ashrun),Ğ´Ğ²Ğ°Ğ´Ñ†Ğ°Ñ‚ÑŒ (dvadtsat'),dua puluh,viginti,yirmi
21,äºŒåä¸€,äºŒåä¸€ (ji6 sap6 jat1),äºŒåä¸€ (ã«ã˜ã‚…ã†ã„ã¡),einundzwanzig,ìŠ¤ë¬¼í•˜ë‚˜,vingt et un,veintiuno,hai mÆ°Æ¡i má»™t,eenentwintig,tjugoen,vinte e um,ventuno,ÙˆØ§Ø­Ø¯ ÙˆØ¹Ø´Ø±ÙˆÙ† (wahid wa 'ashrun),Ğ´Ğ²Ğ°Ğ´Ñ†Ğ°Ñ‚ÑŒ Ğ¾Ğ´Ğ¸Ğ½ (dvadtsat' odin),dua puluh satu,viginti unus,yirmi bir
22,äºŒåäºŒ,äºŒåäºŒ (ji6 sap6 ji6),äºŒåäºŒ (ã«ã˜ã‚…ã†ã«),zweiundzwanzig,ìŠ¤ë¬¼ë‘˜,vingt-deux,veintidÃ³s,hai mÆ°Æ¡i hai,tweeÃ«ntwintig,tjugotvÃ¥,vinte e dois,ventidue,Ø§Ø«Ù†Ø§Ù† ÙˆØ¹Ø´Ø±ÙˆÙ† (ithnan wa 'ashrun),Ğ´Ğ²Ğ°Ğ´Ñ†Ğ°Ñ‚ÑŒ Ğ´Ğ²Ğ° (dvadtsat' dva),dua puluh dua,viginti duo,yirmi iki
30,ä¸‰å,ä¸‰å (saam1 sap6),ä¸‰å (ã•ã‚“ã˜ã‚…ã†),dreiÃŸig,ì„œë¥¸,trente,treinta,ba mÆ°Æ¡i,dertig,trettio,trinta,trenta,Ø«Ù„Ø§Ø«ÙˆÙ† (thalathun),Ñ‚Ñ€Ğ¸Ğ´Ñ†Ğ°Ñ‚ÑŒ (tridtsat'),tiga puluh,triginta,otuz
31,ä¸‰åä¸€,ä¸‰åä¸€ (saam1 sap6 jat1),ä¸‰åä¸€ (ã•ã‚“ã˜ã‚…ã†ã„ã¡),einunddreiÃŸig,ì„œë¥¸í•˜ë‚˜,trente et un,treinta y uno,ba mÆ°Æ¡i má»™t,eenendertig,trettioett,trinta e um,trentuno,ÙˆØ§Ø­Ø¯ ÙˆØ«Ù„Ø§Ø«ÙˆÙ† (wahid wa thalathun),Ñ‚Ñ€Ğ¸Ğ´Ñ†Ğ°Ñ‚ÑŒ Ğ¾Ğ´Ğ¸Ğ½ (tridtsat' odin),tiga puluh satu,triginta unus,otuz bir
32,ä¸‰åäºŒ,ä¸‰åäºŒ (saam1 sap6 ji6),ä¸‰åäºŒ (ã•ã‚“ã˜ã‚…ã†ã«),zweiunddreiÃŸig,ì„œë¥¸ë‘˜,trente-deux,treinta y dos,ba mÆ°Æ¡i hai,tweeÃ«ndertig,trettiotvÃ¥,trinta e dois,trentadue,Ø§Ø«Ù†Ø§Ù† ÙˆØ«Ù„Ø§Ø«ÙˆÙ† (ithnan wa thalathun),Ñ‚Ñ€Ğ¸Ğ´Ñ†Ğ°Ñ‚ÑŒ Ğ´Ğ²Ğ° (tridtsat' dva),tiga puluh dua,triginta duo,otuz iki
40,å››å,å››å (sei3 sap6),å››å (ã—ã˜ã‚…ã†),vierzig,ë§ˆí”,quarante,cuarenta,bá»‘n mÆ°Æ¡i,veertig,fyrtio,quarenta,quaranta,Ø£Ø±Ø¨Ø¹ÙˆÙ† (arba'un),ÑĞ¾Ñ€Ğ¾Ğº (sorok'),empat puluh,quadraginta,kÄ±rk
41,å››åä¸€,å››åä¸€ (sei3 sap6 jat1),å››åä¸€ (ã—ã˜ã‚…ã†ã„ã¡),einundvierzig,ë§ˆí”í•˜ë‚˜,quarante et un,cuarenta y uno,bá»‘n mÆ°Æ¡i má»™t,eenenveertig,fyrtioett,quarenta e um,quarantuno,ÙˆØ§Ø­Ø¯ ÙˆØ£Ø±Ø¨Ø¹ÙˆÙ† (wahid wa arba'un),ÑĞ¾Ñ€Ğ¾Ğº Ğ¾Ğ´Ğ¸Ğ½ (sorok' odin),empat puluh satu,quadraginta unus,kÄ±rk bir
42,å››åäºŒ,å››åäºŒ (sei3 sap6 ji6),å››åäºŒ (ã—ã˜ã‚…ã†ã«),zweiundvierzig,ë§ˆí”ë‘˜,quarante-deux,cuarenta y dos,bá»‘n mÆ°Æ¡i hai,tweeÃ«nveertig,fyrtiotvÃ¥,quarenta e dois,quarantadue,Ø§Ø«Ù†Ø§Ù† ÙˆØ£Ø±Ø¨Ø¹ÙˆÙ† (ithnan wa arba'un),ÑĞ¾Ñ€Ğ¾Ğº Ğ´Ğ²Ğ° (sorok' dva),empat puluh dua,quadraginta duo,kÄ±rk iki
50,äº”å,äº”å (ng5 sap6),äº”å (ã”ã˜ã‚…ã†),fÃ¼nfzig,ì‰°,cinquante,cincuenta,nÄƒm mÆ°Æ¡i,vijftig,femtio,cinquenta,cinquanta,Ø®Ù…Ø³ÙˆÙ† (khamsun),Ğ¿ÑÑ‚ÑŒĞ´ĞµÑÑÑ‚ (pyat'desyat'),lima puluh,quinquaginta,elli
51,äº”åä¸€,äº”åä¸€ (ng5 sap6 jat1),äº”åä¸€ (ã”ã˜ã‚…ã†ã„ã¡),einundfÃ¼nfzig,ì‰°í•˜ë‚˜,cinquante et un,cincuenta y uno,nÄƒm mÆ°Æ¡i má»™t,eenenvijftig,femtioett,cinquenta e um,cinquantuno,ÙˆØ§Ø­Ø¯ ÙˆØ®Ù…Ø³ÙˆÙ† (wahid wa khamsun),Ğ¿ÑÑ‚ÑŒĞ´ĞµÑÑÑ‚ Ğ¾Ğ´Ğ¸Ğ½ (pyat'desyat' odin),lima puluh satu,quinquaginta unus,elli bir
52,äº”åäºŒ,äº”åäºŒ (ng5 sap6 ji6),äº”åäºŒ (ã”ã˜ã‚…ã†ã«),zweiundfÃ¼nfzig,ì‰°ë‘˜,cinquante-deux,cincuenta y dos,nÄƒm mÆ°Æ¡i hai,tweeÃ«nvijftig,femtiotvÃ¥,cinquenta e dois,cinquantadue,Ø§Ø«Ù†Ø§Ù† ÙˆØ®Ù…Ø³ÙˆÙ† (ithnan wa khamsun),Ğ¿ÑÑ‚ÑŒĞ´ĞµÑÑÑ‚ Ğ´Ğ²Ğ° (pyat'desyat' dva),lima puluh dua,quinquaginta duo,elli iki
60,å…­å,å…­å (luk6 sap6),å…­å (ã‚ãã˜ã‚…ã†),sechzig,ì˜ˆìˆœ,soixante,sesenta,sÃ¡u mÆ°Æ¡i,zestig,sextio,sessenta,sessanta,Ø³ØªÙˆÙ† (sittun),ÑˆĞµÑÑ‚ÑŒĞ´ĞµÑÑÑ‚ (shest'desyat'),enam puluh,sexaginta,altmÄ±ÅŸ
61,å…­åä¸€,å…­åä¸€ (luk6 sap6 jat1),å…­åä¸€ (ã‚ãã˜ã‚…ã†ã„ã¡),einundsechzig,ì˜ˆìˆœí•˜ë‚˜,soixante et un,sesenta y uno,sÃ¡u mÆ°Æ¡i má»™t,eenenzestig,sextioett,sessenta e um,sessantuno,ÙˆØ§Ø­Ø¯ ÙˆØ³ØªÙˆÙ† (wahid wa sittun),ÑˆĞµÑÑ‚ÑŒĞ´ĞµÑÑÑ‚ Ğ¾Ğ´Ğ¸Ğ½ (shest'desyat' odin),enam puluh satu,sexaginta unus,altmÄ±ÅŸ bir
62,å…­åäºŒ,å…­åäºŒ (luk6 sap6 ji6),å…­åäºŒ (ã‚ãã˜ã‚…ã†ã«),zweiundsechzig,ì˜ˆìˆœë‘˜,soixante-deux,sesenta y dos,sÃ¡u mÆ°Æ¡i hai,tweeÃ«nzestig,sextiotvÃ¥,sessenta e dois,sessantadue,Ø§Ø«Ù†Ø§Ù† ÙˆØ³ØªÙˆÙ† (ithnan wa sittun),ÑˆĞµÑÑ‚ÑŒĞ´ĞµÑÑÑ‚ Ğ´Ğ²Ğ° (shest'desyat' dva),enam puluh dua,sexaginta duo,altmÄ±ÅŸ iki
70,ä¸ƒå,ä¸ƒå (cat1 sap6),ä¸ƒå (ãªãªã˜ã‚…ã†),siebzig,ì¹ ì‹­,soixante-dix,setenta,báº£y mÆ°Æ¡i,zeventig,sjuttio,setenta,settanta,Ø³Ø¨Ø¹ÙˆÙ† (sab'un),ÑĞµĞ¼ÑŒĞ´ĞµÑÑÑ‚ (sem'desyat'),tujuh puluh,septuaginta,yetmiÅŸ
71,ä¸ƒåä¸€,ä¸ƒåä¸€ (cat1 sap6 jat1),ä¸ƒåä¸€ (ãªãªã˜ã‚…ã†ã„ã¡),einundsiebzig,ì¹ ì‹­í•˜ë‚˜,soixante et onze,setenta y uno,báº£y mÆ°Æ¡i má»™t,eenenzeventig,sjuttioett,setenta e um,settantuno,ÙˆØ§Ø­Ø¯ ÙˆØ³Ø¨Ø¹ÙˆÙ† (wahid wa sab'un),ÑĞµĞ¼ÑŒĞ´ĞµÑÑÑ‚ Ğ¾Ğ´Ğ¸Ğ½ (sem'desyat' odin),tujuh puluh satu,septuaginta unus,yetmiÅŸ bir
72,ä¸ƒåäºŒ,ä¸ƒåäºŒ (cat1 sap6 ji6),ä¸ƒåäºŒ (ãªãªã˜ã‚…ã†ã«),zweiundsiebzig,ì¹ ì‹­ë‘˜,soixante-douze,setenta y dos,báº£y mÆ°Æ¡i hai,tweeÃ«nzeventig,sjuttiotvÃ¥,setenta e dois,settantadue,Ø§Ø«Ù†Ø§Ù† ÙˆØ³Ø¨Ø¹ÙˆÙ† (ithnan wa sab'un),ÑĞµĞ¼ÑŒĞ´ĞµÑÑÑ‚ Ğ´Ğ²Ğ° (sem'desyat' dva),tujuh puluh dua,septuaginta duo,yetmiÅŸ iki
80,å…«å,å…«å (baat3 sap6),å…«å (ã¯ã¡ã˜ã‚…ã†),achtzig,íŒ”ì‹­,quatre-vingts,ochenta,tÃ¡m mÆ°Æ¡i,tachtig,Ã¥ttio,oitenta,ottanta,Ø«Ù…Ø§Ù†ÙˆÙ† (thamaniyun),Ğ²Ğ¾ÑĞµĞ¼ÑŒĞ´ĞµÑÑÑ‚ (vosem'desyat'),delapan puluh,octoginta,seksen
81,å…«åä¸€,å…«åä¸€ (baat3 sap6 jat1),å…«åä¸€ (ã¯ã¡ã˜ã‚…ã†ã„ã¡),einundachtzig,íŒ”ì‹­í•˜ë‚˜,quatre-vingt-un,ochenta y uno,tÃ¡m mÆ°Æ¡i má»™t,eenentachtig,Ã¥ttioett,oitenta e um,ottantuno,ÙˆØ§Ø­Ø¯ ÙˆØ«Ù…Ø§Ù†ÙˆÙ† (wahid wa thamaniyun),Ğ²Ğ¾ÑĞµĞ¼ÑŒĞ´ĞµÑÑÑ‚ Ğ¾Ğ´Ğ¸Ğ½ (vosem'desyat' odin),delapan puluh satu,octoginta unus,seksen bir
82,å…«åäºŒ,å…«åäºŒ (baat3 sap6 ji6),å…«åäºŒ (ã¯ã¡ã˜ã‚…ã†ã«),zweiundachtzig,íŒ”ì‹­ë‘˜,quatre-vingt-deux,ochenta y dos,tÃ¡m mÆ°Æ¡i hai,tweeÃ«ntachtig,Ã¥ttiottvÃ¥,oitenta e dois,ottantadue,Ø§Ø«Ù†Ø§Ù† ÙˆØ«Ù…Ø§Ù†ÙˆÙ† (ithnan wa thamaniyun),Ğ²Ğ¾ÑĞµĞ¼ÑŒĞ´ĞµÑÑÑ‚ Ğ´Ğ²Ğ° (vosem'desyat' dva),delapan puluh dua,octoginta duo,seksen iki
90,ä¹å,ä¹å (gau2 sap6),ä¹å (ãã‚…ã†ã˜ã‚…ã†),neunzig,êµ¬ì‹­,quatre-vingt-dix,noventa,chÃ­n mÆ°Æ¡i,negentig,nittio,noventa,novanta,ØªØ³Ø¹ÙˆÙ† (tisa'un),Ğ´ĞµĞ²ÑĞ½Ğ¾ÑÑ‚Ğ¾ (devyanosto),sembilan puluh,nonaginta,doksan
91,ä¹åä¸€,ä¹åä¸€ (gau2 sap6 jat1),ä¹åä¸€ (ãã‚…ã†ã˜ã‚…ã†ã„ã¡),einundneunzig,êµ¬ì‹­í•˜ë‚˜,quatre-vingt-onze,noventa y uno,chÃ­n mÆ°Æ¡i má»™t,eenennegentig,nittioett,noventa e um,novantuno,ÙˆØ§Ø­Ø¯ ÙˆØªØ³Ø¹ÙˆÙ† (wahid wa tisa'un),Ğ´ĞµĞ²ÑĞ½Ğ¾ÑÑ‚Ğ¾ Ğ¾Ğ´Ğ¸Ğ½ (devyanosto odin),sembilan puluh satu,nonaginta unus,doksan bir
92,ä¹åäºŒ,ä¹åäºŒ (gau2 sap6 ji6),ä¹åäºŒ (ãã‚…ã†ã˜ã‚…ã†ã«),zweiundneunzig,êµ¬ì‹­ë‘˜,quatre-vingt-douze,noventa y dos,chÃ­n mÆ°Æ¡i hai,tweeÃ«nnegentig,nittiotvÃ¥,noventa e dois,novantadue,Ø§Ø«Ù†Ø§Ù† ÙˆØªØ³Ø¹ÙˆÙ† (ithnan wa tisa'un),Ğ´ĞµĞ²ÑĞ½Ğ¾ÑÑ‚Ğ¾ Ğ´Ğ²Ğ° (devyanosto dva),sembilan puluh dua,nonaginta duo,doksan iki
100,ä¸€ç™¾,ä¸€ç™¾ (jat1 baak3),ç™¾ (ã²ã‚ƒã),hundert,ë°±,cents,cien,má»™t trÄƒm,honderd,ett hundra,cem,cento,Ù…Ø¦Ø© (mi'ah),ÑÑ‚Ğ¾ (sto),seratus,centum,yÃ¼z
101,ä¸€ç™¾ä¸€,ä¸€ç™¾ä¸€ (jat1 baak3 jat1),ç™¾ä¸€ (ã²ã‚ƒãã„ã¡),hundert eins,ë°±í•˜ë‚˜,cent un,ciento uno,má»™t trÄƒm má»™t,honderd een,ett hundraett,cento e um,centouno,ÙˆØ§Ø­Ø¯ Ù…Ø¦Ø© ÙˆÙˆØ§Ø­Ø¯ (wahid mi'ah wa wahid),ÑÑ‚Ğ¾ Ğ¾Ğ´Ğ¸Ğ½ (sto odin),seratus satu,centum unus,yÃ¼z bir
102,ä¸€ç™¾äºŒ,ä¸€ç™¾äºŒ (jat1 baak3 ji6),ç™¾äºŒ (ã²ã‚ƒãã«),hundert zwei,ë°±ë‘˜,cent deux,ciento dos,má»™t trÄƒm hai,honderd twee,ett hundratvÃ¥,cento e dois,centodue,Ø§Ø«Ù†Ø§Ù† Ù…Ø¦Ø© ÙˆØ§Ø«Ù†Ø§Ù† (ithnan mi'ah wa ithnan),ÑÑ‚Ğ¾ Ğ´Ğ²Ğ° (sto dva),seratus dua,centum duo,yÃ¼z iki
110,ä¸€ç™¾ä¸€å,ä¸€ç™¾å (jat1 baak3 sap6),ç™¾å (ã²ã‚ƒãã˜ã‚…ã†),hundert zehn,ë°±ì‹­,cent dix,ciento diez,má»™t trÄƒm mÆ°á»i,honderd tien,ett hundra tionde,cento e dez,centodieci,Ø¹Ø´Ø±Ø© ÙˆÙ…Ø¦Ø© (ashara wa mi'ah),ÑÑ‚Ğ¾ Ğ´ĞµÑÑÑ‚ÑŒ (sto desyat'),seratus sepuluh,centum decem,yÃ¼z on
111,ä¸€ç™¾ä¸€åä¸€,ä¸€ç™¾åä¸€ (jat1 baak3 sap6 jat1),ç™¾åä¸€ (ã²ã‚ƒãã˜ã‚…ã†ã„ã¡),hundert elf,ë°±ì‹­í•˜ë‚˜,cent onze,ciento once,má»™t trÄƒm mÆ°á»i má»™t,honderd elf,ett hundraelva,cento e onze,centoundici,ÙˆØ§Ø­Ø¯ Ù…Ø¦Ø© ÙˆØ£Ø­Ø¯ Ø¹Ø´Ø± (wahid mi'ah wa ahad 'ashar),ÑÑ‚Ğ¾ Ğ¾Ğ´Ğ¸Ğ½Ğ½Ğ°Ğ´Ñ†Ğ°Ñ‚ÑŒ (sto odinnadtsat'),seratus sebelas,centum undecim,yÃ¼z on bir
1000,ä¸€åƒ,ä¸€åƒ (jat1 cin1),åƒ (ã›ã‚“),tausend,ì²œ,mille,mil,nghÃ¬n,duizend,tusen,mil,mille,Ø£Ù„Ù (alf),Ñ‚Ñ‹ÑÑÑ‡Ğ° (tysyacha),seribu,millia,yÃ¼z bin
1001,ä¸€åƒä¸€,ä¸€åƒä¸€ (jat1 cin1 jat1),åƒä¸€ (ã›ã‚“ã„ã¡),tausend eins,ì²œí•˜ë‚˜,mille un,mil uno,nghÃ¬n má»™t,duizend een,tusen ett,mil e um,milleuno,Ø£Ù„Ù ÙˆØ§Ø­Ø¯ (alf wahid),Ñ‚Ñ‹ÑÑÑ‡Ğ° Ğ¾Ğ´Ğ¸Ğ½ (tysyacha odin),seribu satu,millia unus,yÃ¼z bin bir
10000,ä¸€è¬,ä¸€ä¸‡ (jat1 maan6),ä¸€ä¸‡ (ã„ã¡ã¾ã‚“),zehntausend,ë§Œ,vingt mille,diez mil,mÆ°á»i nghÃ¬n,tienduizend,tiotusen,dez mil,decem mille,Ø¹Ø´Ø±Ø© Ø£Ù„Ù (ashara alf),Ğ´ĞµÑÑÑ‚ÑŒ Ñ‚Ñ‹ÑÑÑ‡ (desyat' tysyach),sepuluh ribu,decem milia,yÃ¼z bin
100000,åè¬,åä¸‡ (sap6 maan6),åä¸‡ (ã˜ã‚…ã†ã¾ã‚“),hunderttausend,ì‹­ë§Œ,cent mille,cien mil,má»™t trÄƒm nghÃ¬n,honderdduizend,hundratusen,cem mil,centomila,Ù…Ø¦Ø© Ø£Ù„Ù (mi'ah alf),ÑÑ‚Ğ¾ Ñ‚Ñ‹ÑÑÑ‡ (sto tysyach),seratus ribu,centum milia,yÃ¼z bin
million,ç™¾è¬,ç™¾ä¸‡ (baak3 maan6),ç™¾ä¸‡ (ã²ã‚ƒãã¾ã‚“),Million,ë°±ë§Œ,million,millÃ³n,mil triá»‡u,miljoen,miljon,milhÃ£o,milione,Ù…Ù„ÙŠÙˆÙ† (milyun),Ğ¼Ğ¸Ğ»Ğ»Ğ¸Ğ¾Ğ½ (million),jutaan,unus millionem,yÃ¼z bin
billion,åå„„,åäº¿ (sap6 jik1),åå„„ (ã˜ã‚…ã†ãŠã),Milliarde,ì‹­ì–µ,milliard,mil millones,tá»· tá»·,miljard,miljard,mil milhÃµes,miliardo,Ø¨Ù„ÙŠÙˆÙ† (bilyun),Ğ¼Ğ¸Ğ»Ğ»Ğ¸Ğ°Ñ€Ğ´ (milliard),milyar,unus milliarde,yÃ¼z milyar
1st,ç¬¬ä¸€,ç¬¬ä¸€ (dai6 jat1),ç¬¬ä¸€ (ã ã„ã„ã¡),erste,ì²«ì§¸,premier,primero,thá»© nháº¥t,eerste,fÃ¶rsta,primeiro,primo,Ø§Ù„Ø£ÙˆÙ„ (al-awwal),Ğ¿ĞµÑ€Ğ²Ñ‹Ğ¹ (pervyy),pertama,primus,ilk
2nd,ç¬¬äºŒ,ç¬¬äºŒ (dai6 ji6),ç¬¬äºŒ (ã ã„ã«),zweite,ë‘˜ì§¸,deuxiÃ¨me,segundo,thá»© hai,tweede,andra,segundo,secondo,Ø§Ù„Ø«Ø§Ù†ÙŠ (ath-thani),Ğ²Ñ‚Ğ¾Ñ€Ğ¾Ğ¹ (vtoroy),kedua,secundus,ikinci
3rd,ç¬¬ä¸‰,ç¬¬ä¸‰ (dai6 saam1),ç¬¬ä¸‰ (ã ã„ã•ã‚“),dritte,ì…‹ì§¸,troisiÃ¨me,tercero,thá»© ba,derde,tredje,terceiro,terzo,Ø§Ù„Ø«Ø§Ù„Ø« (ath-thalith),Ñ‚Ñ€ĞµÑ‚Ğ¸Ğ¹ (tretiy),ketiga,tertius,Ã¼Ã§Ã¼ncÃ¼
4th,ç¬¬å››,ç¬¬å›› (dai6 sei3),ç¬¬å›› (ã ã„ã‚ˆã‚“),vierte,ë„·ì§¸,quatriÃ¨me,cuarto,thá»© tÆ°,vierde,fjÃ¤rde,quarto,quarto,Ø§Ù„Ø±Ø§Ø¨Ø¹ (ar-rabe'),Ñ‡ĞµÑ‚Ğ²Ñ‘Ñ€Ñ‚Ñ‹Ğ¹ (chetvyortyy),keempat,quartus,dÃ¶rdÃ¼ncÃ¼
5th,ç¬¬äº”,ç¬¬äº” (dai6 ng5),ç¬¬äº” (ã ã„ã”),fÃ¼nfte,ë‹¤ì„¯ì§¸,cinquiÃ¨me,quinto,thá»© nÄƒm,vijfde,femte,quinto,quinto,Ø§Ù„Ø®Ø§Ù…Ø³ (al-khamis),Ğ¿ÑÑ‚Ñ‹Ğ¹ (pyatyy),kelima,quintus,beÅŸinci
ğŸ†™months,æœˆä»½,æœˆä»½ (jyut6 fan6),æœˆ (ã¤ã),Monate,ì›”,mois,meses,thÃ¡ng,maanden,mÃ¥nader,meses,mesi,Ø´Ù‡ÙˆØ± (shuhur),Ğ¼ĞµÑÑÑ†Ñ‹,bulan,meses,aylar
ğŸ†™days of the week,æ˜ŸæœŸ,æ˜ŸæœŸ (sing1 kei4),æ›œæ—¥ (ã‚ˆã†ã³),Wochentage,ìš”ì¼,jours de la semaine,dÃ­as de la semana,ngÃ y trong tuáº§n,dagen van de week,veckodagar,dias da semana,giorni della settimana,Ø£ÙŠØ§Ù… Ø§Ù„Ø£Ø³Ø¨ÙˆØ¹ (ayam al-usbu'),Ğ´Ğ½Ğ¸ Ğ½ĞµĞ´ĞµĞ»Ğ¸,hari-hari dalam seminggu,dies hebdomadis,haftanÄ±n gÃ¼nleri
ğŸ†™time,æ—¶é—´,æ™‚é–“ (si4 gaan3),æ™‚é–“ (ã˜ã‹ã‚“),Zeit,ì‹œê°„,temps,tiempo,thá»i gian,tijd,tid,tempo,tempo,Ø§Ù„ÙˆÙ‚Øª (al-waqt),Ğ²Ñ€ĞµĞ¼Ñ,masa,tempus,zaman
ğŸ†™verbs,åŠ¨è¯,å‹•è© (dung6 ci4),å‹•è© (ã©ã†ã—),Verben,ë™ì‚¬,verbes,verbos,Ä‘á»™ng tá»«,werkwoorden,verb,verbos,verbi,Ø£ÙØ¹Ø§Ù„ (af'al),Ğ³Ğ»Ğ°Ğ³Ğ¾Ğ»Ñ‹,kata kerja,verba,fÃ®iller
ğŸ†™adjectives,å½¢å®¹è¯,å½¢å®¹è© (jing4 jung2 ci4),å½¢å®¹è© (ã‘ã„ã‚ˆã†ã—),Adjektive,í˜•ìš©ì‚¬,adjectifs,adjetivos,tÃ­nh tá»«,bijvoeglijke naamwoorden,adjektiv,adjetivos,aggettivi,ØµÙØ§Øª (sifat),Ğ¿Ñ€Ğ¸Ğ»Ğ°Ğ³Ğ°Ñ‚ĞµĞ»ÑŒĞ½Ñ‹Ğµ,adjective,adjectives,sÄ±fatlar
ğŸ†™pronouns,ä»£è¯,ä»£è© (doi6 ci4),ä»£åè© (ã ã„ã‚ã„ã—),Pronomen,ëŒ€ëª…ì‚¬,pronoms,pronombres,Ä‘áº¡i tá»«,voornaamwoorden,pronomen,pronomes,pronomi,Ø¶Ù…Ø§Ø¦Ø± (dama'ir),Ğ¼ĞµÑÑ‚Ğ¾Ğ¸Ğ¼ĞµĞ½Ğ¸Ñ,kata ganti,zastanici,zaamirler
ğŸ†™question words,ç–‘é—®è¯,ç–‘å•è© (ji4 man6 ci4),ç–‘å•è© (ãã‚‚ã‚“ã—),Fragepronomen,ì˜ë¬¸ì‚¬,mots interrogatifs,pronombres interrogativos,tá»« Ä‘á»ƒ há»i,vraagwoorden,frÃ¥geord,palavras interrogativas,parole interrogative,Ø£Ø¯ÙˆØ§Øª Ø§Ù„Ø§Ø³ØªÙÙ‡Ø§Ù… (adawat al-istifham),Ğ²Ğ¾Ğ¿Ñ€Ğ¾ÑĞ¸Ñ‚ĞµĞ»ÑŒĞ½Ñ‹Ğµ ÑĞ»Ğ¾Ğ²Ğ°,kata tanya,quaestione verba,soru kelimeleri