zh,en,ja,de,eo,ru,fr,ko,vi,zh-ltc(tupa)
§汉语,English,日本語(にほんご),Deutsch,Esperanto,русский,français,한국어,Tiếng Việt(㗂越),中古汉语（切韵拼音）
§类 1 DKTZ,类 1 DKTZ,ja,de,eo,ru,fr,ko,vi,tupa
§§类 1 DKTZ - khoung keen,类 1 DKTZ - khoung keen,ja,de,eo,ru,fr,ko,vi,tupa
点,dot,点 (てん),Punkt,punkto,точка́,point,점,chấm(點),temq
长,long,長い (ながい),lang,longa,дли́нный,long,긴,dài,tryangq
短,short,短い (みじかい),kurz,mallonga,коро́ткий,court,짧은,ngắn,twanq
高,tall,高い (たかい),groß,alta,вы́сокий,grand,키가 큰,cao,kaw
矮,short (vs tall),低い (ひくい),klein,malalta,ни́зкий,petit,키가 작은,thấp,qeeq
宽,wide,広い (ひろい),breit,larĝa,широ́кий,large/vaste,넓은,rộng,khwan
窄,narrow,狭い (せまい),eng/schmal,mallarĝa,у́зкий,étroit,좁은,hẹp,tsraek
大,big/large,大きい (おおきい),groß,granda,больша́я,grande,큰,lớn,dajh
小,small/little,小さい (ちいさい),klein,malgranda,ма́ленькая,petit,작은,nhỏ,siewq
厚,thick,厚い (あつい),dick,dika,толстый,épais,두꺼운,dày,ghouq
薄,thin,薄い (うすい),dünn,maldika,то́нкий,mince,얇은,mỏng,bak
高,high,高い (たかい),hoch,alta,вы́сокий,haut,높은,cao,kaw
低,low,低い (ひくい),niedrig,malalta,ни́зкий,bas,낮은,thấp,tej
深,deep,深い (ふかい),tief,profunda,глубо́кий,profond,깊은,sâu,sjimh
浅,shallow,浅い (あさい),flach,malprofunda,ме́лкий,peu profond,얕은,nông,tshienq
平,flat,平ら (たいら),flach,plata,пло́ский,plat,평평한,bằng phẳng,byaeng
曲,curved,曲がった (まがった),gebogen,kurba,изогну́тый,curvé,곡선,cung,khuok
§§§小类 方向,directions,方向 (ほうこう),Richtungen,direkto,направле́ния,directions,방향,hướng,puang sjyangh
顶部,top,上部 (うわべ),oben,supro,ве́рх,top,위,trên,tengq bouq
底部,bottom,底部 (そこぶ),unten,fundo,ни́з,bas,밑,dưới,tejq bouq
侧面,side,側面 (そくめん),Seite,flanko,сторона́,côté,옆쪽,bên,tsryk mienh
前面,front,前面 (まえめん),Vorderseite,antaŭo,пе́ред,avant,앞,trước,dzen mienh
后面,back,後面 (うしろめん),Rückseite,malantaŭo,за́д,arrière,뒤,phía sau,ghouq mienh
外面,outside,外側 (そとがわ),außen,ekstere,снару́жи,extérieur,밖,ngoài,ngwajh mienh
里面,inside,内側 (うちがわ),innen,interne,внутри́,intérieur,안,bên trong,lyq mienh
向上,up,上へ (うえへ),hoch,supren,вверх,haut,위로,lên,sjyangh djyangq
下,down,下 (した),unten,malsupren,вниз,vers le bas,아래,xuống,ghaeq
左,left,左 (ひだり),links,maldekstra,ле́во,gauche,왼쪽,trái,tsaq
右,right,右 (みぎ),rechts,dekstra,пра́во,droit,오른쪽,phải,uq
直,straight,まっすぐ (massugu),gerade/direkt,rekta,прямо́,droit / tout droit,곧장,thẳng,dryk
北,north,北 (きた),Norden,norda,се́вер,nord,북,bắc,peok
南,south,南 (みなみ),Süden,suda,юг,sud,남,nam,nom
东,east,東 (ひがし),Osten,orienta,восто́к,est,동,đông,toung
西,west,西 (にし),Westen,okcidenta,за́пад,ouest,서,tây,sej
§§类 1 DKTZ - djy keen,类 1 DKTZ - djy keen,ja,de,eo,ru,fr,ko,vi,tupa
慢,slow,遅い (おそい),langsam,malrapida,ме́дленный/неторопливый,lent,느린,chậm,maenh
快,fast,速い (はやい),schnell,rapida,бы́стрый,rapide/vite,빠른,nhanh/nhanh chóng,khwaejh
新,new,新しい (あたらしい),neu,nova,но́вый,nouveau,새로운,mới,sin
旧,old (new),古い (ふるい),alt,malnova,ста́рый,vieux,새로운,mới,guh
年轻,young,若い (わかい),jung,juna,молодо́й,jeune,젊은,trẻ,nen khiaengh
老,old (young),老い (おい)/老いた (おいた),alt,maljuna,ста́рый,vieux/âgé,늙은,già,lawq
§§类 1 DKTZ - sruoh lyangh,类 1 DKTZ - sruoh lyangh,ja,de,eo,ru,fr,ko,vi,tupa
强,strong,強い (つよい),stark,forta,си́льный,fort,강한,mạnh,gyang
弱,weak,弱い (よわい),schwach,malforta,сла́бый,faible,약한,yếu,njyak
数,count,数える (かぞえる),zählen,kalkuli,счита́ть,compter,세다,đếm,sruoq
§§§小类 数学/测量,小类math/measurements,数学/計測 (すうがく/けいそく),Mathematik/Messung,matematiko,матема́тика/изме́рение,math/mesure,수학/측정,toán học/đo lường,sruoh ghoeuk / tsrhyk lyang
米,meter,メートル (めーとる),Meter,metro,ме́тр,mètre,미터,mét,mejq
厘米,centimeter,センチメートル (せんちめーとる),Zentimeter,centimetro,сантиме́тр,centimètre,센티미터,centimet,ly mejq
公斤,kilogram,キログラム (きろぐらむ),Kilogramm,kilogramo,килогра́мм,kilogramme,킬로그램,kilôgam,koung kynh
英寸,inch,インチ (いんち),Zoll,colo,дю́йм,pouce,인치,inches,qyaeng tshonh
英尺,foot,フィート (ふぃーと),Fuß,futo,фут,pied,피트,foot,qyaeng tjhiaek
磅,pound,ポンド (ぽんど),Pfund,funto,фунт,livre,파운드,pound,phang
半,half,半 (はん),halb,duono,полови́на,moitié,반,nửa,panh
圆,circle,円 (えん),Kreis,cirklo,круг,cercle,원,hình tròn,zwien
平方,square,平方 (へいほう),Quadrat,kvadrato,квадра́т,carré,제곱,hình vuông,byaeng puang
温度,temperature,温度 (おんど),Temperatur,temperaturo,температу́ра,température,온도,nhiệt độ,qon doh
日期,date,日付 (ひづけ),Datum,dato,да́та,date,날짜,ngày,njit gy
重量,weight,重さ (おもさ),Gewicht,pezo,вес,poids,무게,trọng lượng,druongq lyangh
边缘,edge,端 (はし),Kante,rando,край,bordes,가장자리,cạnh,pen jwien
角落,corner,角 (かど),Ecke,angulo,угол,coin,구석,góc,koeuk lak
§§§小类 数字,小类numbers,数字 (すうじ),Zahlen,nombro,чи́сла,nombres,숫자,số,sruoh dzyh
零,0,零 (れい),null,nulo,ноль,zéro,영,không,lengh
一,1,一 (いち),eins,unu,оди́н,un,일,một,qit
二,2,二 (に),zwei,du,два,deux,이,hai,njih
三,3,三 (さん),drei,tri,три,trois,삼,ba,samh
四,4,四 (し),vier,kvar,четы́ре,quatre,사,bốn,sih
五,5,五 (ご),fünf,kvin,пять,cinq,오,năm,ngoq
六,6,六 (ろく),sechs,ses,шесть,six,육,sáu,luk
七,7,七 (なな),sieben,sep,семь,sept,칠,bảy,tshit
八,8,八 (はち),acht,ok,во́семь,huit,팔,tám,peet
九,9,九 (きゅう),neun,nau,де́вять,neuf,구,chín,kuq
十,10,十 (じゅう),zehn,dek,де́сять,dix,십,mười,djip
十一,11,十一 (じゅういち),elf,dek unu,оди́ннадцать,onze,십일,mười một,djip qit
十二,12,十二 (じゅうに),zwölf,dek du,двена́дцать,douze,십이,mười hai,djip njih
十三,13,十三 (じゅうさん),dreizehn,dek tri,трина́дцать,treize,십삼,mười ba,djip sam
十四,14,十四 (じゅうし),vierzehn,dek kvar,четы́рнадцать,quatorze,십사,mười bốn,djip sih
十五,15,十五 (じゅうご),fünfzehn,dek kvin,пятна́дцать,quinze,십오,mười lăm,djip ngoq
十六,16,十六 (じゅうろく),sechzehn,dek ses,шестна́дцать,seize,십육,mười sáu,djip luk
十七,17,十七 (じゅうしち),siebzehn,dek sep,семна́дцать,dix-sept,십칠,mười bảy,djip tshit
十八,18,十八 (じゅうはち),achtzehn,dek ok,восемна́дцать,dix-huit,십팔,mười tám,djip peet
十九,19,十九 (じゅうく),neunzehn,dek nau,девятна́дцать,dix-neuf,십구,mười chín,djip kuq
二十,20,二十 (にじゅう),zwanzig,dudek,два́дцать,vingt,스물,hai mươi,njih djip
二十一,21,二十一 (にじゅういち),einundzwanzig,dudek unu,двадцать оди́н,vingt et un,스물하나,hai mươi một,njih djip qit
二十二,22,二十二 (にじゅうに),zweiundzwanzig,dudek du,двадцать два,vingt-deux,스물둘,hai mươi hai,njih djip njih
三十,30,三十 (さんじゅう),dreißig,tridek,тридцать,trente,서른,ba mươi,sam djip
三十一,31,三十一 (さんじゅういち),einunddreißig,tridek unu,тридцать оди́н,trente et un,서른하나,ba mươi một,sam djip qit
三十二,32,三十二 (さんじゅうに),zweiunddreißig,tridek du,тридцать два,trente-deux,서른둘,ba mươi hai,sam djip njih
四十,40,四十 (しじゅう),vierzig,kvardek,со́рок,quarante,마흔,bốn mươi,sih djip
四十一,41,四十一 (しじゅういち),einundvierzig,kvardek unu,со́рок оди́н,quarante et un,마흔하나,bốn mươi một,sih djip qit
四十二,42,四十二 (しじゅうに),zweiundvierzig,kvardek du,со́рок два,quarante-deux,마흔둘,bốn mươi hai,sih djip njih
五十,50,五十 (ごじゅう),fünfzig,kvindek,пятьдеся́т,cinquante,쉰,năm mươi,ngoq djip
五十一,51,五十一 (ごじゅういち),einundfünfzig,kvindek unu,пятьдеся́т оди́н,cinquante et un,쉰하나,năm mươi một,ngoq djip qit
五十二,52,五十二 (ごじゅうに),zweiundfünfzig,kvindek du,пятьдеся́т два,cinquante-deux,쉰둘,năm mươi hai,ngoq djip njih
六十,60,六十 (ろくじゅう),sechzig,sesdek,ше́стьдесят,soixante,예순,sáu mươi,luk djip
六十一,61,六十一 (ろくじゅういち),einundsechzig,sesdek unu,ше́стьдесят оди́н,soixante et un,예순하나,sáu mươi một,luk djip qit
六十二,62,六十二 (ろくじゅうに),zweiundsechzig,sesdek du,ше́стьдесят два,soixante-deux,예순둘,sáu mươi hai,luk djip njih
七十,70,七十 (ななじゅう),siebzig,sepdek,се́мьдесят,soixante-dix,칠십,bảy mươi,tshit djip
七十一,71,七十一 (ななじゅういち),einundsiebzig,sepdek unu,се́мьдесят оди́н,soixante et onze,칠십하나,bảy mươi một,tshit djip qit
七十二,72,七十二 (ななじゅうに),zweiundsiebzig,sepdek du,се́мьдесят два,soixante-douze,칠십둘,bảy mươi hai,tshit djip njih
八十,80,八十 (はちじゅう),achtzig,okdek,во́семьдесят,quatre-vingts,팔십,tám mươi,peet djip
八十一,81,八十一 (はちじゅういち),einundachtzig,okdek unu,во́семьдесят оди́н,quatre-vingt-un,팔십하나,tám mươi một,peet djip qit
八十二,82,八十二 (はちじゅうに),zweiundachtzig,okdek du,во́семьдесят два,quatre-vingt-deux,팔십둘,tám mươi hai,peet djip njih
九十,90,九十 (きゅうじゅう),neunzig,naudek,девяно́сто,quatre-vingt-dix,구십,chín mươi,kuq djip
九十一,91,九十一 (きゅうじゅういち),einundneunzig,naudek unu,девяно́сто оди́н,quatre-vingt-onze,구십하나,chín mươi một,kuq djip qit
九十二,92,九十二 (きゅうじゅうに),zweiundneunzig,naudek du,девяно́сто два,quatre-vingt-douze,구십둘,chín mươi hai,kuq djip njih
一百,100,百 (ひゃく),hundert,cent,сто,cents,백,một trăm,qit paek
一百零一,101,百一 (ひゃくいち),hundert eins,cent unu,сто оди́н,cent un,백하나,một trăm một,qit paek lengh qit
一百零二,102,百二 (ひゃくに),hundert zwei,cent du,сто два,cent deux,백둘,một trăm hai,qit paek lengh njih
一百一十,110,百十 (ひゃくじゅう),hundert zehn,cent dek,сто де́сять,cent dix,백십,một trăm mười,qit paek qit djip
一百一十一,111,百十一 (ひゃくじゅういち),hundert elf,cent dek unu,сто оди́ннадцать,cent onze,백십하나,một trăm mười một,qit paek qit djip qit
一千,1000,千 (せん),tausend,mil,ты́сяча,mille,천,nghìn,qit tshen
一千零一,1001,千一 (せんいち),tausend eins,mil unu,ты́сяча оди́н,mille un,천하나,nghìn một,qit tshen lengh qit
一萬,10000,一万 (いちまん),zehntausend,dek mil,деся́ть ты́сяч,vingt mille,만,mười nghìn,qit muonh
十萬,100000,十万 (じゅうまん),hunderttausend,cent mil,сто ты́сяч,cent mille,십만,một trăm nghìn,djip muonh
百萬,million,百万 (ひゃくまん),Million,miliono,миллион,million,백만,mil triệu,paek muonh
十億,billion,十億 (じゅうおく),Milliarde,miliardo,миллиа́рд,milliard,십억,tỷ tỷ,djip qyk
第一,1st,第一 (だいいち),erste,unua,пе́рвый,premier,첫째,thứ nhất,dejh qit
第二,2nd,第二 (だいに),zweite,dua,второ́й,deuxième,둘째,thứ hai,dejh njih
第三,3rd,第三 (だいさん),dritte,tria,тре́тий,troisième,셋째,thứ ba,dejh samh
第四,4th,第四 (だいよん),vierte,kvara,четвёртый,quatrième,넷째,thứ tư,dejh sih
第五,5th,第五 (だいご),fünfte,kvina,пя́тый,cinquième,다섯째,thứ năm,dejh ngoq
§§类 1 DKTZ - tjiq deojh,类 1 DKTZ - tjiq deojh,ja,de,eo,ru,fr,ko,vi,tupa
§§§小类 代词,小类pronoun,代名詞 (だいめいし),Pronomen,pronomo,местоиме́ние,pronoms,대명사,đại từ,deojh zy
我,I,私 (わたし),ich,mi,я,je,나,tôi,ngaq
你,you (singular),あなた,du,vi,ты,tu,너,bạn,nryq
他,he,彼 (かれ),er,li,он,il,그,anh,tha
她,she,彼女 (かのじょ),sie,ŝi,она́,elle,그녀,cô,tha
它,it,それ (sore),es,ĝi,оно́,il,그것,nó,tha
我们,we,私たち (わたしたち),wir,ni,мы,nous,우리,chúng tôi,ngaq mon
你们,you (plural),あなたたち,ihr,vi,вы,vous,너희,các bạn,nryq mon
他们,they,彼ら (ひら),sie,ili,они́,ils,그들,họ,tha mon
这,this,これ (kore),dieses,ĉi tiu,э́то,ceci,이,đây,tjiaeq
那,that,それ (sore),das,tiu,то,cela,그,đó,naq
这些,these,これら (korera),diese,ĉi tiuj,э́ти,ces,이들,những này,tjiaeq siae
那些,those,それら (sorera),diese,tiuj,те,ceux,그들,những kia,naq siae
§§§小类 疑问词,小类question words,疑問詞 (ぎもんし),Fragepronomen,demandaj vortoj,вопро́сные слова́,mots interrogatifs,의문사,từ để hỏi,ngy munh zy
谁,who,誰 (だれ),wer,kiu,кто,qui,누구,ai,djwi
什么,what,何 (なに),was,kio,что,quoi,무엇,gì,djip maq
什么时候,when,いつ (itsu),wann,kiam,когда́,quand,언제,khi,djip maq djy ghouh
哪里,where,どこ (doko),wo,kie,где,où,어디,ở đâu,naq lyq
为什么,why,なぜ (naze),warum,kial,почему́,pourquoi,왜,tại sao,ueh djip ma
怎么,how,どのように (dono yo ni),wie,kiel,как,comment,어떻게,làm sao,tsoimq maq
哪个,which,どちら (dochira),welche,kiu,кото́рый,lequel,어느,nào,naq kah
§§类 1 DKTZ - jinq tsiep,类 1 DKTZ - jinq tsiep,ja,de,eo,ru,fr,ko,vi,tupa
§类 2 KKTD,类 2 KKTD,ja,de,eo,ru,fr,ko,vi,tupa
§§类 2 KKTD - seng gu,类 2 KKTD - seng gu,ja,de,eo,ru,fr,ko,vi,tupa
地球,Earth,地球 (ちきゅう),Erde,tero,Земля́,terre,지구,Trái Đất (𧀞𡐙),dih gu
§§类 2 KKTD - then zyangq,类 2 KKTD - then zyangq,ja,de,eo,ru,fr,ko,vi,tupa
热,hot,熱い (あつい),heiß,varma,горя́чий,chaud,더운,nóng,njiet
冷,cold,寒い (さむい),kalt,malvarma,холо́дный,froid,추운,lạnh,lengq
暖,warm,暖かい (あたたかい),warm,varma,тёплый,chaud,따뜻한,ấm áp,nwanq
凉,cool,涼しい (すずしい),kühl,malvarma,прохла́дный,frais,시원한,mát,lyangh
光,light,光 (ひかり),Licht,lumo,свет,lumière,빛,ánh sáng,kwangh
明亮,light (dark),明るい (あかるい),hell,malluma,све́тлый,lumière,밝은,sáng,myaeng lyangh
黑暗,dark,暗い (くらい),dunkel,malluma,тёмный,sombre,어두운,tối,heok qomh
湿,wet,濡れた (ぬれた),nass,malseka,мо́крый,mouillé,젖은,ẩm ướt,sjip
干燥,dry,乾燥 (かんそう),trocken,seka,сухо́й,sec,건조한,khô,kan sawq
燃烧,burn,燃える (もえる),brennen,bruli,горе́ть,brûler,타다,đốt,njien sjiewh
融化,melt,溶ける (とける),schmelzen,fandi,та́ять,fondre,녹다,chảy,jung hwaeh
核能,nuclear,原子力 (げんしりょく),nuklear,nuklea,я́дерная эне́ргия,nucléaire,핵,hạt nhân,gheek neongq
能源,Energy,エネルギー,Energie,energio,эне́ргия,énergie,에너지,năng lượng,neongq nguon
§§§小类 季节,小类season,季節 (きせつ),Jahreszeiten,,вре́мя го́да,saisons,계절,mùa,kwih tset
春天,Spring,春 (はる),Frühling,printempo,весна́,printemps,봄,Mùa Xuân,tjhwin then
夏天,Summer,夏 (なつ),Sommer,somero,ле́то,été,여름,Mùa Hè,ghaeh then
秋天,Fall,秋 (あき),Herbst,aŭtuno,о́сень,automne,가을,Mùa Thu,tshu then
冬天,Winter,冬 (ふゆ),Winter,vintro,зима́,hiver,겨울,Mùa Đông,tong then
§§§小类 月份,小类months,月 (つき),Monate,,ме́сяц,mois,월,tháng,nguot pyin
一月,January,1月 (いちがつ),Januar,januaro,янва́рь,janvier,1월,Tháng 1,qit nguot
二月,February,2月 (にがつ),Februar,februaro,февраль,février,2월,Tháng 2,njih nguot
三月,March,3月 (さんがつ),März,marto,март,mars,3월,Tháng 3,samh nguot
四月,April,4月 (しがつ),April,aprilo,апре́ль,avril,4월,Tháng 4,sih nguot
五月,May,5月 (ごがつ),Mai,majo,май,mai,5월,Tháng 5,ngoq nguot
六月,June,6月 (ろくがつ),Juni,junio,июнь,juin,6월,Tháng 6,luk nguot
七月,July,7月 (しちがつ),Juli,julio,июль,juillet,7월,Tháng 7,tshit nguot
八月,August,8月 (はちがつ),August,aŭgusto,а́вгуст,août,8월,Tháng 8,peet nguot
九月,September,9月 (くがつ),September,septembro,сентя́брь,septembre,9월,Tháng 9,kuq nguot
十月,October,10月 (じゅうがつ),Oktober,oktobro,октя́брь,octobre,10월,Tháng 10,djip nguot
十一月,November,11月 (じゅういちがつ),November,novembro,ноя́брь,novembre,11월,Tháng 11,djip qit nguot
十二月,December,12月 (じゅうにがつ),Dezember,decembro,дека́брь,décembre,12월,Tháng 12,djip njih nguot
§§§小类 星期,小类days of the week,曜日 (ようび),Wochentage,,дни́ неде́ли,jours de la semaine,요일,ngày trong tuần,seng gy
星期一,Monday,月曜日 (げつようび),Montag,lundo,понеде́льник,lundi,월요일,Thứ Hai,seng gy qit
星期二,Tuesday,火曜日 (かようび),Dienstag,mardo,вто́рник,mardi,화요일,Thứ Ba,seng gy njih
星期三,Wednesday,水曜日 (すいようび),Mittwoch,merkredo,среда́,mercredi,수요일,Thứ Tư,seng gy samh
星期四,Thursday,木曜日 (もくようび),Donnerstag,ĵaŭdo,четве́рг,jeudi,목요일,Thứ Năm,seng gy sih
星期五,Friday,金曜日 (きんようび),Freitag,vendredo,пя́тница,vendredi,금요일,Thứ Sáu,seng gy ngoq
星期六,Saturday,土曜日 (どようび),Samstag,sabato,суббо́та,samedi,토요일,Thứ Bảy,seng gy luk
星期日,Sunday,日曜日 (にちようび),Sonntag,dimanĉo,воскресе́нье,dimanche,일요일,Chủ Nhật,seng gy njit
§§§小类 时间,小类time,時間 (じかん),Zeit,tempo,вре́мя,temps,시간,thời gian,djy keenh
年,year,年 (ねん),Jahr,jaro,год,an,년,năm,nen
月,month,月 (つき),Monat,monato,ме́сяц,mois,달,tháng,nguot
周,week,週 (しゅう),Woche,semajno,неде́ля,semaine,주,tuần,tju
天,day,日 (にち),Tag,tago,день,jour,날,ngày,then
小时,hour,時間 (じかん),Stunde,horo,час,heure,시간,giờ,siewq djy
分钟,minute,分 (ふん),Minute,minuto,мину́та,minute,분,phút,pun tjuong
秒,second,秒 (びょう),Sekunde,sekundo,секу́нда,seconde,초,giây,miewq
早上,morning,朝 (あさ),Morgen,mateno,у́тро,matin,아침,sáng,tsawq djyangq
下午,afternoon,午後 (ごご),Nachmittag,posttagmezo,по́сле обе́да,après-midi,오후,chiều,ghaeq ngoq
晚上,evening,夜 (よる),Abend,vespero,ве́чер,soir,저녁,tối,muonq djyangq
夜晚,night,夜 (よる),Nacht,nokto,но́чь,nuit,밤,đêm,jiaeh muonq
§§类 2 KKTD - dih lyq,类 2 KKTD - dih lyq,ja,de,eo,ru,fr,ko,vi,tupa
地图,map,地図 (ちず),Karte,mapo,ка́рта,carte,지도,bản đồ,dih do
§§类 2 KKTD - dih mut,类 2 KKTD - dih mut,ja,de,eo,ru,fr,ko,vi,tupa
洞,hole,穴 (あな),Loch,truo,дыра́,trou,구멍,lỗ,doungh
重,heavy,重い (おもい),schwer,peza,тяжёлый,lourd,무거운,nặng,druongq
轻,light (heavy),重い (おもい),leicht,malpeza,лёгкий,léger,가벼운,nhẹ,khiaengh
软,soft,柔らかい (やわらかい),weich,mola,мя́гкий,doux,부드러운,mềm,njwienq
硬,hard,固い (かたい),hart,dura,твёрдый,dur,딱딱한,cứng,ngeengh
紧,tight,きつい (kitsui),eng,streĉa,туго́й,serré,꽉 막힌,chặt,kinq
松,loose,ゆるい (yurui),locker,malstreĉa,свобо́дный,lâche,헐거운,lỏng,zuong
爆炸,explode,爆発する (ばくはつする),explodieren,eksplodi,взрыва́ться,exploser,터지다,nổ,poeuk traeh
§§§小类待分 自然,小类待分nature,自然 (しぜん),Natur,naturo,приро́да,nature,자연,thiên nhiên,dzih njien
海洋,sea,海 (うみ),Meer,maro,мо́ре,mer,바다,b biển,heojq jyang
海洋,ocean,海洋 (かいよう),Ozean,oceano,океа́н,océan,대양,đại dương,heojq jyang
河,river,川 (かわ),Fluss,rivero,река́,rivière,강,sông,gha
山,mountain,山 (やま),Berg,monto,гора́,montaña,산,núi,sreen
雨,rain,雨 (あめ),Regen,pluvo,дождь,pluie,비,mưa,uoq
雪,snow,雪 (ゆき),Schnee,neĝo,снег,neige,눈,tuyết,swiet
树,tree,木 (き),Baum,arbo,де́рево,arbre,나무,cây,djuoq
太阳,sun,太陽 (たいよう),Sonne,suno,со́лнце,soleil,해,mặt trời,thajh jyang
月亮,moon,月 (つき),Mond,luno,лу́на,lune,달, mặt trăng,nguot lyangh
世界,world,世界 (せかい),Welt,mondo,мир,monde,세계,thế giới,sjiejh keejh
地球,Earth,地球 (ちきゅう),Erde,tero,Земля́,terre,지구,Trái đất,dih gu
森林,forest,森林 (しんりん),Wald,arbaro,лес,forêt,숲,rừng,sryim lim
天空,sky,空 (そら),Himmel,ĉielo,не́бо,ciel,하늘,bầu trời,then khoung
植物,plant,植物 (しょくぶつ),Pflanze,planto,расте́ние,plante,식물,thực vật,dryh mut
风,wind,風 (かぜ),Wind,vento,ве́тер,vent,바람,gió,pungh
土地,soil/earth,土壌 (つち),Boden,tero,по́чва, sol/terre,흙,đất,thoq dih
花,flower,花 (はな),Blume,floro,цвето́к,fleur,꽃,hoa,hwae
山谷,valley,谷 (たに),Tal,valo,доли́на,vallée,계곡,thung lũng,sreen louk
根,root,根 (ね),Wurzel,radiko,ко́рень, racine,뿌리,gốc,keon
湖,lake,湖 (みずうみ),See,lago,о́зеро,lac,호,hồ,gho
星星,star,星 (ほし),Stern,stelo,звезда́,étoile,별,ngôi sao,seng seng
草,grass,草 (くさ),Gras,herbo,трава́,herbe,풀,cỏ,tshawq
叶子,leaf,葉 (は),Blatt,folio,лист,feuille,잎,lá,sjiep tsyq
空气,air,空気 (くうき),Luft,aero,во́здух,air,공기,không khí,khoungh khyjh
沙,sand,砂 (すな),Sand,sablo,песо́к,sable,모래,cát,sraeh
海滩,beach,浜辺 (はまべ),Strand,plaĝo,пля́ж,plage,해변,bãi biển,heojq than
波,wave,波 (なみ),Welle,ondo,волна́, vague,파도,sóng,pa
火,fire,火 (ひ),Feuer,fajro,ого́нь,feu,불,lửa,hwaq
冰,ice,氷 (こおり),Eis,glacio,лёд,gla ce,얼음,đá,pying
岛,island,島 (しま),Insel,insulo,о́стров,île,섬,đảo,tawq
山丘,hill,丘 (おか),Hügel,monteto,холм,colline,언덕,đồi,sreen khu
热,heat,熱 (ねつ),Hitze,varmo,жар,cha leur,열,nhiệt đới,njiet
§类 3 KKSM,类 3 KKSM,ja,de,eo,ru,fr,ko,vi,tupa
§§类 3 KKSM - DM sjin thejq,类 3 KKSM - DM sjin thejq,ja,de,eo,ru,fr,ko,vi,tupa
生长,grow,成長する (せいちょうする),wachsen,kreski,расти́,pousser,자라다,lớn lên,sryaengh tryangq
§§§小类 身体,小类body,体 (からだ),Körper,korpo,те́ло,corps,신체,thân thể,sjin thejq
头,head,頭 (あたま),Kopf,kapo,голова́,tête,머리,đầu,dou
脖子,neck,首 (くび),Hals,kolo,ше́я,cou,목,cổ,bot tsyq
脸,face,顔 (かお),Gesicht,vizaĝo,лицо́,visage,얼굴,khuôn mặt,tshiem
胡须,beard,ひげ,Haar,barbo,борода́,barbe,Hüftwuchs,râu,gho suo
头发,hair,髪 (かみ),Haare,haro,во́лосы,cheveux,머리카락,tóc,dou puot
眼睛,eye,目 (め),Auge,okulo,глаз,œil,눈,mắt,ngeenq tsiaeng
嘴巴,mouth,口 (くち),Mund,buŝo,рот,bouche,입,miệng,tswieq pae
嘴唇,lip,唇 (くちびる),Lippe,lipo,губа́,lèvre,입술,môi,tswieq zjwin
鼻子,nose,鼻 (はな),Nase,nazo,нос,nez,코,mũi,bih tsyq
牙齿,tooth,歯 (は),Zahn,dento,зуб, dent,이,răng,ngae tjhyq
耳朵,ear,耳 (みみ),Ohr,orelo,у́хо,oreja,귀,tai,njyq twaq
眼泪,tear (drop),涙 (なみだ),Träne,larmo,слеза́,larme,눈물,nước mắt,ngeenq lwih
舌头,tongue,舌 (した),Zunge,lango,язы́к,langue,혀,lưỡi,zjiet dou
背部,back,背中 (せなか),Rücken,dorso,спина́,dos,등,lưng,pojh bouq
脚趾,toe,足の指 (あしのゆび),Zehe,piedo,па́лец ноги́,orteil,발가락,ngón chân,kyak tjyq
手指,finger,指 (ゆび),Finger,fingro,па́лец руки́,doigt,손가락,cái tay,sjuq tjiq
脚,foot,足 (あし),Fuß,piedo,нога́,pied,발,chân,kyak
手,hand,手 (て),Hand,mano,рука́,main,손,tay,sjuq
腿,leg,脚 (あし),Bein,kruro,бе́дро,jambe,다리,chân,thojq
手臂,arm,腕 (うで),Arm,brako,рука́,bras,팔,cánh tay,sjuq pieh
肩膀,shoulder,肩 (かた),Schulter,ŝultro,плечо́,épaule,어깨,vai,ken bang
心脏,heart,心臓 (しんぞう),Herz,koro,се́рдце,cœur,심장,trái tim,sim dzangh
血,blood,血 (ち),Blut,sango,кровь,sangre,피,máu,hwet
脑,brain,脳 (のう),Gehirn,cerbo,мозг,cerveau,뇌,não,nawq
膝盖,knee,膝 (ひざ),Knie,genuo,коле́но,genou,무릎,gối,sit kap
汗,sweat,汗 (あせ),Schweiß,sudo,пот,transpiration,땀,mồ hôi,kan
疾病,disease,病気 (びょうき),Krankheit,malsano,боле́знь,maladie,질병,bệnh,dzit byaengh
骨头,bone,骨 (ほね),Knochen,ostoj,кость,os,뼈,xương,kot dou
声音,voice,声 (こえ),Stimme,voĉo,го́лос,voix,목소리,giọng,sjiaeng qyim
皮肤,skin,皮膚 (ひふ),Haut,haŭto,ко́жа,peau,피부,da,bye puo
闻,smell,嗅ぐ (かぐ),riechen,odoro,ню́хать,sentir,냄새를 맡다,ngửi,munh
尝,taste,味わう (あじわう),schmecken,gustumo,про́бовать,goûter,맛보다,thưởng thức,djyang
触摸,touch,触る (さわる),berühren,tuŝo,каса́ться,toucher,만지다,chạm aanraken,tjhuok mo
§§类 3 KKSM - DMST djih koeuk,类 3 KKSM - DMST djih koeuk,ja,de,eo,ru,fr,ko,vi,tupa
看见,see (a bird),見る (みる),sehen,vidi,ви́деть,voir,보다,thấy,khanh kenh
看,watch (TV),見る (みる),schauen,rigardi,смотре́ть,regarder,보다,watch,khanh
盲,blind,盲目 (もうもく),blind,blinda,слепо́й,aveugle,맹인,mùa,maeng
图像,image,画像 (がぞう),Bild,bildo,изображе́ние,image,이미지,hình ảnh,do zyangq
图案,pattern,模様 (もよう),Muster,modelo,узо́р,modèle,무늬,mẫu,do qanh
画,draw,描く (かく),zeichnen,desegni,рисова́ть,dessiner,그리다,vẽ,ghweek
§§§小类 颜色,小类color,色 (いろ),Farbe,koloro,цвет,couleur,색상,color,ngaen sryk
红色,red,赤 (あか),rot,ruĝa,кра́сный,rouge,빨간색,đỏ,ghoung sryk
绿色,green,緑 (みどり),grün,verda,зелёный,vert,초록색,xanh lá,luok sryk
浅蓝色,blue (light),水色 (みずいろ),hellblau,hela blua,голубо́й,bleu claro,하늘색,xanh nhạt,tshienq lam sryk
深蓝色,blue (dark),紺色 (こんいろ),dunkelblau,malhela blua,си́ний,bleu foncé,짙은 파랑색,xanh đậm,sjimh lam sryk
黄色,yellow,黄 (きいろ),gelb,flava,жёлтый,jaune,노란색,vàng,ghwang sryk
棕色,brown,茶色 (ちゃいろ),braun,bruna,коричне́вый,marron,갈색,nâu,tsoung sryk
粉红色,pink,ピンク (pinku),rosa,rozkolora,ро́зовый,rose,분홍색,hồng,punq ghoung sryk
橙色,orange,オレンジ (orenji),orange,oranga,ора́нжевый,orange,주황색,da cam,teongh sryk
黑色,black,黒 (くろ),schwarz,nigra,чёрный,noir,검은색,đen,heok sryk
白色,white,白 (しろ),weiß,blanka,бе́лый,blanc,흰색,trắng,baek sryk
灰色,gray,灰 (はい),grau,griza,се́рый,gris,회색,xám,hoj sryk
§§类 3 KKSM - DMST theng koeuk,类 3 KKSM - DMST theng koeuk,ja,de,eo,ru,fr,ko,vi,tupa
听到,hear (a sound),聞く (きく),hören,aŭdi,слы́шать,entendre,들다,nghe,thengh tawh
听,listen (music),聴く (きく),hören,aŭskulti,слу́шать,écouter,듣다,nghe,thengh
聋,deaf,聾 (ろう),taub,surda,глухо́й,sourd,귀머거리,điếc,loung
大声,loud,大きい (おおきい),laut,laŭta,гро́мкий,bruyant,시끄러운,ồn ào,dajh sjiaeng
安静,quiet,静か (しずか),leise,trankvila,ти́хий,silencieux,조용한,yên tĩnh,qan dziaengq
声音,sound,音 (おん),Klang,sono,звук,son,소리,âm thanh,sjiaeng qyim
§§类 3 KKSM - DM miaeng tjhyng,类 3 KKSM - DM miaeng tjhyng,ja,de,eo,ru,fr,ko,vi,tupa
§§§小类 动物,小类animal,動物 (どうぶつ),Tier,besto,живо́тное,animal,동물,động vật,doungq mut
狗,dog,犬 (いぬ),Hund,hundo,соба́ка,chien,개,chó,kouq
猫,cat,猫 (ねこ),Katze,kato,ко́шка,chat,고양이,mèo,myew
鱼,fish,魚 (さかな),Fisch,fiŝo,ры́ба,poisson,물고기,cá,ngyo
鸟,bird,鳥 (とり),Vogel,birdo,пти́ца,oiseau,새,chim,tewq
牛,cow,牛 (うし),Kuh,bovo,коро́ва,vache,소,bò,ngu
猪,pig,豚 (ぶた),Schwein,porko,свинья́,cochon,돼지,lợn,tryo
老鼠,mouse,ネズミ,Maus,muso,мы́шь,souris,쥐,chuột,lawq sjyoq
马,horse,馬 (うま),Pferd,ĉevalo,ло́шадь,cheval,말,ngựa,maeq
翅膀,wing,羽 (はね),Flügel,flugilo,кры́ло,aile,날개,cánh,sjieh bang
§§类 3 KKSM - djyk mut,类 3 KKSM - djyk mut,ja,de,eo,ru,fr,ko,vi,tupa
§类 4 KKNL,类 4 KKNL,ja,de,eo,ru,fr,ko,vi,tupa
§§类 4 KKNL - njin lwih,类 4 KKNL - njin lwih,ja,de,eo,ru,fr,ko,vi,tupa
种族,Race (ethnicity),人種 (じんしゅ),Rasse,raso,ра́са,race,인종,chủng tộc,tjuongq dzouk
性,Sex (the act),セックス,Geschlecht,sekso,секс,sexe,성별,giới tính,siaengh
性别,Sex (gender),性別 (せいべつ),Geschlecht,sekso,по́л,sexe,성별,giới tính,siaengh byet
男,male,男性 (だんせい),männlich,viro,мужчи́на,mâle,남성,nam,nom
女,female,女性 (じょせい),weiblich,virino,же́нщина,femelle,여성,nữ,nryoq
§§类 4 KKNL - gyonh khang,类 4 KKNL - gyonh khang,ja,de,eo,ru,fr,ko,vi,tupa
痛,pain,痛み (いたみ),Schmerz,doloro,боль,douleur,아픔,đau,thoungh
伤,injury,怪我 (けが),Verletzung,vundo,ра́на,blessure,부상,vết thương,sjyangh
杀,kill,殺す (ころす),töten,mortigi,убива́ть,tuer,죽이다,giết,sreet
死,die,死ぬ (しぬ),sterben,morti,умира́ть,mourir,죽다,chết,siq
生病,sick,病気 (びょうき),krank,malsana,боле́ть,malade,아픈,bệnh,sryaengh byaengh
健康,healthy,健康 (けんこう),gesund,sana,здоро́вый,en bonne santé,건강한,khỏe,gyonh khang
死,dead,死んだ (しんだ),tot,morta,мёртвый,morto,죽은,chết,siq
活,alive,生きている (いきている),lebendig,viva,живо́й,vivant,살아있는,sống,kwat
死亡,Death,死 (し),Tod,morto,смерть,mort,사망,chết,siq muang
药物,Medicine,薬 (くすり),Medizin,medicino,ле́карство,médicament,의약품,thuốc,jyak mut
毒药,Poison,毒 (どく),Gift,veneno,яд,poison,독약,thuốc độc,dok jyak
毒品,Drug,薬物 (やくぶつ),Droge,drogo,нарко́тик,drogue,마약,ma túy,dok phyimq
睡觉,sleep,眠る (ねむる),schlafen,dormi,спать,dormir,자다,ngủ,djwieh kaewh
醒,wake up,目が覚める (めがさめる),aufwachen,vekiĝi,просыпа́ться,se réveiller,깨다,wake up,sengq
锻炼,Exercise,運動 (うんどう),Übung,ekzerciĝi,тренирова́ться,exercice,운동,tập luyện,twanh lenh
运动,Sport,スポーツ,Sport,sporto,спорт,sport,스포츠,môn thể thao,unh doungq
§§类 4 KKNL - qyimq zjyk,类 4 KKNL - qyimq zjyk,ja,de,eo,ru,fr,ko,vi,tupa
吃,eat,食べる (たべる),essen,manĝi,есть,manger,먹다,ăn,khek
喝,drink,飲む (のむ),trinken,trinki,пить,boire,마시다,uống,qaejh
喂,feed,養う (やしなう),füttern,nutri,корми́ть,nourrir,먹이다,cho ăn,qujh
煮,cook,料理する (りょうりする),kochen,kuki,гото́вить,cuire,요리하다,nấu,tjyoq
§§§小类 饮料,小类beverage,飲み物 (のみもの),Getränk,trinkaĵo,напи́ток,boisson,음료,đồ uống,qyimq lewh
咖啡,coffee,コーヒー (こーひー),Kaffee,kafo,ко́фе,café,커피,cà phê,khae phojq
茶,tea,お茶 (おちゃ),Tee,teo,чай,thé,차,trà,drae
葡萄酒,wine,ワイン (わいん),Wein,vino,вино́,vin,와인,rượu,bo daw tsuq
啤酒,beer,ビール (びーる),Bier,biero,пи́во,bière,맥주,bia,bie tsuq
果汁,juice,ジュース (じゅーす),Saft,suko,со́к,jus,주스,nước ép,kwaq tjip
水,water,水 (みず),Wasser,akvo,вода́,eau,물,nước,sjwiq
牛奶,milk,牛乳 (ぎゅうにゅう),Milch,lakto,молоко́,lait,우유,sữa,ngu nreeq
§§§小类 食物,小类food,食品 (しょくひん),Essen,manĝaĵo,еда́,nourriture,음식,thức ăn,zyh mut
蛋,egg,卵 (たまご),Ei,ovo,яйцо́,œuf,계란,trứng,danq
奶酪,cheese,チーズ (ちーず),Käse,fromaĝo,сы́р,fromage,치즈,phô mai,nreeq lak
面包,bread,パン (ぱん),Brot,pano,хлеб,pain,빵,banh mi,menh paew
汤,soup,スープ (すーぷ),Suppe,supo,суп,soupe,국,súp,thangh
蛋糕,cake,ケーキ (けーき),Kuchen,kuko,торт,gâteau,케이크,bánh,danq kaw
鸡,chicken,鶏肉 (とりにく),Huhn,kokaĵo,ку́рица,poulet,닭,gà,kej
猪肉,pork,豚肉 (ぶたにく),Schweinefleisch,porko,свини́на,porc,돼지고기,thịt heo,tryo njuk
牛肉,beef,牛肉 (ぎゅうにく),Rindfleisch,bovaĵo,говя́дина,boeuf,쇠고기,bò,ngu njuk
苹果,apple,リンゴ (りんご),Apfel,pomujo,я́блоко,pomme,사과,táo,bin kwaq
香蕉,banana,バナナ (ばなな),Banane,banano,бана́н,banane,바나나,chuối,hyang tsiew
橙子,orange,オレンジ (おれんじ),Orange,oranĝo,апельси́н,orange,오렌지,cam,teongh tsyq
柠檬,lemon,レモン (れもん),Zitrone,citrono,лимо́н,citron,레몬,chanh,nraengq moung
玉米,corn,トウモロコシ (とうもろこし),Mais,maizo,кукуру́за,maïs,옥수수,bắp,nguok mejq
米饭,rice,ご飯 (ごはん),Reis,rizo,рис,riz,밥,gạo,mejq buonq
油,oil,油 (あぶら),Öl,oleo,ма́сло,huile,기름,dầu,juh
种子,seed,種子 (たね),Samen,semo,семя́,graine,씨앗,hạt,tjuongq tsyq
刀,knife,ナイフ (ないふ),Messer,tranĉiĝi,нож,couteau,칼,dao,taw
匙,spoon,スプーン (supuun),Löffel,kulero,ло́жка,cuillère,숟가락,thìa,djie
叉,fork,フォーク (ふぉーく),Gabel,forko,ви́лка,fourchette,포크,nĩm,tsrhee
盘子,plate,皿 (さら),Teller,telero,таре́лка,assiette,접시,dĩa,ban tsyq
杯子,cup,カップ (かっぷ),Tasse,taso,ча́шка,tasse,컵,cốc,poj tsyq
早餐,breakfast,朝食 (ちょうしょく),Frühstück,matenmanĝo,за́втрак,petit-déjeuner,아침식사,bữa sáng,tsawq tshan
午餐,lunch,昼食 (ちゅうしょく),Mittagessen,tagmanĝo,о́бед,déjeuner,점심식사,bữa trưa,ngoq tshan
晚餐,dinner,夕食 (ゆうしょく),Abendessen,vespermangho,у́жин,dîner,저녁식사,bữa tối,muonq tshan
糖,sugar,砂糖 (さとう),Zucker,sukero,са́хар,sucre,설탕,đường,dang
盐,salt,塩 (しお),Salz,salo,соль,sel,소금,s muối,jiemh
瓶子,bottle,ボトル (ぼとる),Flasche,botelo,бутылка,bouteille,병,chai,beng tsyq
§§类 4 KKNL - qyj mut,类 4 KKNL - qyj mut,ja,de,eo,ru,fr,ko,vi,tupa
穿,wear,着る (きる),tragen,vesti,носи́ть,porter,입다,mặc,tjhwienh
§§§小类 衣物,小类clothing,衣類 (いるい),Kleidung,vestaĵo,оде́жда,vêtement,의류,quần áo,qyjh mut
帽子,hat,帽子 (ぼうし),Hut,ĉapelo,ша́пка,chapeau,모자,mũ,mawh tsyq
连衣裙,dress,ドレス (doresu),Kleid,robo,пла́тье,robe,드레스,áo liền,lien qyjh gun
西装,suit,スーツ (sūtsu),Anzug,kostumo,костю́м,costume,정장,áo vest,sej tsryangh
裙子,skirt,スカート (sukāto),Rock,jupo,ю́бка,jupe,치마,chân váy,gun tsyq
衬衫,shirt,シャツ (shatsu),Hemd,ĉemizo,руба́шка,chemise,셔츠,áo sơ mi,tsrhyinh sraem
T恤,T-shirt,Tシャツ (T shatsu),T-Shirt,T-ĉemizo,футбо́лка,T-shirt,T셔츠,áo phông,tupa swit
裤子,pants,パンツ (pantsu),Hose,pantalonoj,брю́ки,pantalon,바지,quần,khoh tsyq
鞋,shoes,靴 (くつ),Schuhe,ŝuoj,ту́фли,chaussures,신발,giày,gheej
口袋,pocket,ポケット (poketto),Tasche,poŝo,карма́н,poches,포켓,ngăn túi,khouq deojh
外套,coat,コート (kōto),Mantel,mantelo,пальто́,manteau,코트,áo khoác,ngwajh thawh
污点,stain,シミ (shimi),Fleck,makulo,пятно́,tache,얼룩,vết bẩn,qo temq
§§类 4 KKNL - juongh phyimq,类 4 KKNL - juongh phyimq,ja,de,eo,ru,fr,ko,vi,tupa
片,piece,部分 (ぶぶん),Stück,peco,кусо́к,morceau,조각,mảnh,phenh
干净,clean,きれい (kirei),sauber,pura,чи́стый,propre,깨끗한,sạch,kan dziaengq
脏,dirty,汚い (きたない),schmutzig,malpura,гря́зный,sale,더러운,bẩn,tsangq
§§§小类 电子产品,小类electronics,電子製品,Elektronik,elektroniko,электро́ника,électronique,전자제품,điện tử,denh tsyq sreenq phyimq
时钟,clock,時計,Uhr,horloĝo,часы́,horloge,시계,đồng hồ,djy tjuong
台灯,lamp,ランプ,Lampe,lampo,ла́мпа,lampe,전등,đèn,deoj teong
风扇,fan,扇風機,Ventilator,ventumilo,ве́нтилятор,ventilateur,선풍기,quạt,pungh sjienh
手机,cell phone,携帯電話,Handy,mobiltelefono,телефо́н,téléphone portable,핸드폰,điện thoại di động,sjuq kyj
网络,network,ネットワーク,Netzwerk,reto,сеть,réseau,네트워크,mạng,muangq lak
电脑,computer,コンピューター,Computer,komputilo,компью́тер,ordinateur,컴퓨터,máy tính,denh nawq
程序,program,プログラム,Programm,programo,програ́мма,programme,프로그램,chương trình,driaeng zyoq
笔记本电脑,laptop,ノートパソコン,Laptop,komputileto,ноутбу́к,ordinateur portable,노트북,máy tính xách tay,pyit kyh ponq denh nawq
屏幕,screen,スクリーン,Bildschirm,ekrano,экран,écran,화면,màn hình,piaengq mak
相机,camera,カメラ,Kamera,fotilo,фотоаппара́т,caméra,카메라,máy ảnh,syangh kyj
电视,television,テレビ,Fernseher,televidilo,телеви́зор,télévision,텔레비전,ti vi,denh djiq
收音机,radio,ラジオ,Radio,radio,ра́дио,radio,라디오,đài radio,sjuh qyim kyj
§§§小类 材料,小类materials,素材 (そざい),Material,materialoj,материа́л,matériaux,재료,vật liệu,dzeoj lewh
玻璃,glass,ガラス (がらす),Glas,vitro,стекло́,verre,유리,kính,pha lie
金属,metal,金属 (きんぞく),Metall,metalo,мета́лл,métal,금속,kim loại,kyim tjuok
塑料,plastic,プラスチック (ぷらすちっく),Plastik,plastiko,пла́стик,plastique,플라스틱,nhựa,soh lewh
木材,wood,木材 (もくざい),Holz,ligno,де́рево,bois,나무,gỗ,mouk dzeoj
石头,stone,石 (いし),Stein,ŝtono,ка́мень,pierre,돌,đá,djiaek dou
钻石,diamond,ダイヤモンド (だいやもんど),Diamant,diamanto,алма́з,diamant,다이아몬드,kim cương,tswanh djiaek
黏土,clay,粘土 (ねんど),Ton,argilo,гли́на,argile,점토,gạch,nriem thoq
灰尘,dust,ほこり (hokori),Staub,polvo,пыль,poussière,먼지,bụi,hoj drin
黄金,gold,金 (きん),Gold,oro,зо́лото,or,금,vàng,ghwang kyim
铜,copper,銅 (どう),Kupfer,kupro,медь,cuivre,구리,đồng,doung
银,silver,銀 (ぎん),Silber,arĝento,серебро́,argent,은,bạc,ngyin
§§§小类待分 家,小类待分home,家 (いえ),Zuhause,hejmo,дом,maison,집,nhà,kae
桌子,table,机 (つくえ),Tisch,tablo,стол,table,탁자,bàn,troeuk tsyq
椅子,chair,椅子 (いす),Stuhl,seĝo,сту́л,chaise,의자,ghế,qyeq tsyq
床,bed,ベッド (べっど),Bett,lito,крова́ть,lit,침대,giường,dzryang
梦,dream,夢 (ゆめ),Traum,sonĝo,сон,rêve,꿈,giấc mơ,mungh
窗,window,窓 (まど),Fenster,fenestro,о́кно,fenêtre,창,cửa sổ,tsrhoeung
门,door,ドア (どあ),Tür,pordo,дверь,porte,문,cửa,mon
卧室,bedroom,寝室 (しんしつ),Schlafzimmer,dormoĉambro,спальня́,chambre,침실,phòng ngủ,ngwah sjit
厨房,kitchen,キッチン (きっちん),Küche,kuirejo,ку́хня,cuisine,부엌,bếp,druo buang
浴室,bathroom,浴室 (よくしつ),Badezimmer,banejo,ванных по́мещение,salle de bain,욕실,phòng tắm,juok sjit
铅笔,pencil,鉛筆 (えんぴつ),Bleistift,krajono,каранда́ш,crayon,연필,bút chì,jwien pyit
钢笔,pen,万年筆 (まんねんひつ),Füller,plumo,ручка́,stylo,펜,bút mực,kang pyit
照片,photograph,写真 (しゃしん),Fotografie,fotografaĵo,фотогра́фия,photographie,사진,ảnh,tjiewh phenh
肥皂,soap,石けん (せっけん),Seife,sapo,мыло́,savon,비누,xà phòng,buj dzawq
书,book,本 (ほん),Buch,libro,кни́га,livre,책,sách,sjyo
页,page,ページ (ぺーじ),Seite,paĝo,страни́ца,page,페이지,trang,ghet
钥匙,key,鍵 (かぎ),Schlüssel,ŝlosilo,ключ,clé,열쇠,chìa khóa,jyak djie
颜料,paint,絵の具 (えのぐ),Farbe,farbo,кра́ска,peinture,페인트,sơn,ngaen lewh
信,letter,手紙 (てがみ),Brief,letero,письмо,lettre,편지,thư,sinh
笔记,note,ノート (のーと),Notiz,noto,записка,note,노트,ghi chú,pyit kyh
墙,wall,壁 (かべ),Wand,muro,стенка,mur,벽,tường,dzyang
纸,paper,紙 (かみ),Papier,papero,бумага́,papier,종이,gia,tjieq
地板,floor,床 (ゆか),Boden,planko,пол,sol,바닥,sàn,dih paenq
天花板,ceiling,天井 (てんじょう),Decke,plafono,потолок,plafond,천장,trần,then hwae paenq
屋顶,roof,屋根 (やね),Dach,tegmento,крыша́,toit,지붕,mái nhà,qouk tengq
游泳池,pool,プール (ぷーる),Pool,naĝejo,бассейн,piscine,수영장,bể bơi,ju uaengh drie
锁,lock,鍵 (かぎ),Schloss,seruro,за́мок,serrure,자물쇠,khóa,swaq
电话,telephone,電話 (でんわ),Telefon,telefono,телефо́н,téléphone,전화,điện thoại,denh ghwaejh
花园,garden,庭園 (ていえん),Garten,ĝardeno,сад,jardin,정원,sân vườn,hwae uon
院子,yard,庭 (てい),Hof,korto,двор,cour,마당,sân,uenh tsyq
针,needle,針 (はり),Nadel,fingrontruiro,игла́,aiguille,바늘,kim,tjim
袋子,bag,袋 (ふくろ),Tasche,sako,сумка́,sac,가방,túi,deojh tsyq
盒子,box,箱 (はこ),Schachtel,skatolo,коро́бка,boîte,상자,hộp,ghop tsyq
礼物,gift,贈り物 (おくりもの),Geschenk,donaco,пода́рок,cadeau,선물,quà,lejq mut
卡片,card,カード (かーど),Karte,karto,о́ткрытка,carte,카드,thẻ,khaeq phenh
戒指,ring,指輪 (ゆびわ),Ring,ringo,кольцо́,bague,반지,chiếc nhẫn,keejh tjiq
工具,tool,道具 (どうぐ),Werkzeug,ilo,инструмент,outil,도구,dụng cụ,koung guoh
§§类 4 KKNL - kyonh truk,类 4 KKNL - kyonh truk,ja,de,eo,ru,fr,ko,vi,tupa
建造,build,建てる (たてる),bauen,konstrui,строи́ть,construire,지으다,xây dựng,kyonh tshawh
§§§小类待分 位置,小类待分location,場所 (ばしょ),Ort,loko,местополо́жение,emplacement,위치,vị trí,uih tryh
城市,city,都市 (とし),Stadt,urbo,го́род,ville,도시,thành phố,djiaeng djyq
房子,house,家 (いえ),Haus,domo,дом,maison,집,nhà,buang tsyq
公寓,apartment,アパート,Apartment,apartamento,квартира,appartement,아파트,chung cư,koung nguoh
街道,street/road,道路 (どうろ),Straße,strato,у́лица,rue,도로,đường-địa phương,keej dawq
机场,airport,空港 (くうこう),Flughafen,flughaveno,аэро́порт,aéroport,공항,sân bay,kyj dryang
火车站,train station,駅 (えき),Bahnhof,trajn-stacio,вокза́л,gare,기차역,nhà ga,hwaq tjhiae treemh
桥,bridge,橋 (はし),Brücke,ponto,мост,pont,다리,cầu,gyew
酒店,hotel,ホテル,Hotel,hotelo,оте́ль,hôtel,호텔,khách sạn,tsuq temh
餐馆,restaurant,レストラン,Restaurant,restoracio,рестора́н,restaurant,레스토랑,nhà hàng,tshan kwanh
农场,farm,農場 (のうじょう),Bauernhof,farmo,ферма́,ferme,농장,nông trại,nong dryang
法院,court,裁判所 (さいばんしょ),Gericht,kortumo,суд,tribunal,법원,tòa án,puop uenh
学校,school,学校 (がっこう),Schule,lernejo,шко́ла,école,학교,trường,ghoeuk ghaewh
办公室,office,オフィス,Büro,oficejo,офис,bureau,사무실,văn phòng,beenh koung sjit
房间,room,部屋 (へや),Zimmer,ĉambro,комна́та,chambre,방,phòng,buang keenh
镇,town,町 (ちょう),Stadt,urbo,посёлок,village,마을,thị trấn,trinh
大学,university,大学 (だいがく),Universität,universitato,университе́т,université,대학교,đại học,dajh ghoeuk
俱乐部,club,クラブ,Verein,klubo,клуб,club,클럽,clb,kuo ngoeuk bouq
酒吧,bar,バー,Bar,baro,ба́р,bar,바,quán bar,tsuq phae
公园,park,公園 (こうえん),Park,parko,парк,parc,공원,công viên,koung uon
营地,camp,キャンプ,Lager,tendaro,лагерь,campamento,캠프,trại khu,jwiaeng dih
商店,store/shop,店舗 (てんぽ),Geschäft,butiko,магази́н,magasin,상점,cửa hàng,sjyang temh
剧院,theater,劇場 (げきじょう),Theater,teatro,теа́тр,théâtre,극장,rạp hát,gyaek uenh
图书馆,library,図書館 (としょかん),Bibliothek,biblioteko,библиоте́ка,bibliothèque,도서관,thư viện,do sjyo kwanh
医院,hospital,病院 (びょういん),Krankenhaus,hospitalo,больни́ца,hôpital,병원,bệnh viện,qy uenh
教堂,church,教会 (きょうかい),Kirche,preĝejo,це́рковь,église,교회,nhà thờ,kaewh dang
市场,market,市場 (いちば),Markt,merkato,ры́нок,marché,시장,chợ,djyq dryang
国家,country,国 (くに),Land,lando,стра́на,pays,나라,quốc gia,kweok kae
建筑物,building,建物 (たてもの),Gebäude,konstruaĵo,здание,bâtiment,건물,toà nhà,kyonh truk mut
地面,ground,地面 (じめん),Boden,grundo,земля́,sol,땅,mặt đất,dih mienh
太空,space (outer space),宇宙 (うちゅう),Weltraum,spaco,космос,espace,우주,không gian,thajh khoung
银行,bank,銀行 (ぎんこう),Bank,banko,бан́к,banque,은행,ngân hàng,ngyin ghang
§类 5 NLUJ,类 5 NLUJ,ja,de,eo,ru,fr,ko,vi,tupa
§§类 5 NLUJ - kaew thoung,类 5 NLUJ - kaew thoung,ja,de,eo,ru,fr,ko,vi,tupa
走,walk,歩く (あるく),gehen,promeni,идти́,marcher,걷다,đi bộ,tsouq
跑,run,走る (はしる),rennen,kuri,бегать,courir,달리다,chạy,phaewq
跳,jump,跳ぶ (とぶ),springen,salti,прыгать,sauter,점프하다,nhảy,dew
经过,pass by,通り過ぎる (とおりすぎる),vorbeigehen,trapasi,проходи́ть,passer,지나가다,lướt qua,keng kwa
开车,drive,運転する (うんてんする),fahren,konduki,води́ть авто,conduire,운전하다,lái xe,kheoj tjhiae
飞,fly,飛ぶ (とぶ),fliegen,flugi,летать,voler,날다,bay,puj
游泳,swim,泳ぐ (およぐ),schwimmen,naĝi,плавать,nager,수영하다,bơi,ju uaengh
去,go,行く (いく),gehen,iri,идти́,aller,가다,đi,khyoq
停,stop,止まる (とまる),halten,halti,остана́вливаться,arrêter,멈추다,dừng,deng
坐,sit,座る (すわる),sitzen,sidi,сиде́ть,asseoir,앉다,ngồi,dzwaq
站,stand,立つ (たつ),stehen,stari,стоять,se tenir debout,서다,đứng,treemh
躺下,lie down,横になる (よこになる),sich hinlegen,kuŝi,ле́жать,s'allonger,누워 있다,nằm,thangq ghaeq
转动,turn,回す (まわす),drehen,turni,повора́чивать,tourner,돌리다,xoay,trwienq doungq
摔倒,fall,落ちる (おちる),fallen,fali,падать,tomber,떨어지다,rơi,sruit tawq
跟随,follow,従う (したがう),folgen,sekvi,следова́ть,suivre,따르다,theo,keon zwie
§§§小类 交通,小类transportation,交通 (こうつう),Transport,transporto,транспорт,transport,교통,giao thông,kaew thoung
火车,train,電車 (でんしゃ),Zug,trajno,по́езд,train,기차,tàu,hwaq tjhiae
飞机,plane,飛行機 (ひこうき),Flugzeug,aviadilo,само́лёт,avion,비행기,máy bay,puj kyj
汽车,car,車 (くるま),Auto,aŭto,авто́мобиль,voiture,차,xe hơi,khyjh tjhiae
卡车,truck,トラック,LKW,kamiono,грузови́к,camion,트럭,xe tải,khaeq tjhiae
自行车,bicycle,自転車 (じてんしゃ),Fahrrad,biciklo,ве́лосипед,vélo,자전거,xe đạp,dzih ghaeng tjhiae
公共汽车,bus,バス,Bus,aŭtobuso,авто́бус,bus,버스,xe buýt,koung guongh khyjh tjhiae
船,boat,ボート,Boot,boato,ла́дья,bateau,배,thuyền,zjwien
船,ship,船 (ふね),Schiff,ŝipo,ко́рабль,bateau,선박,tàu,zjwien
轮胎,tire,タイヤ,Reifen,pneŭmo,ши́на,pneu,타이어,lốp,lwin theoj
汽油,gasoline,ガソリン,Benzin,benzino,бензи́н,essence,휘발유,xăng,khyjh juh
引擎,engine,エンジン,Motor,motoro,дви́гатель,moteur,엔진,động cơ,jinq gyaeng
火车票,(train) ticket,切符 (きっぷ),Fahrkarte,bileto,билет на по́езд,billet,기차표,vé xe lửa,hwaq tjhiae phiewh
§§类 5 NLUJ - lyoq driaeng,类 5 NLUJ - lyoq driaeng,ja,de,eo,ru,fr,ko,vi,tupa
§类 6 NLGD,类 6 NLGD,ja,de,eo,ru,fr,ko,vi,tupa
§§类 6 NLGD - tsoh dzryh,类 6 NLGD - tsoh dzryh,ja,de,eo,ru,fr,ko,vi,tupa
工作,work,働く (はたらく),arbeiten,labori,работа́ть,travailler,일하다,làm việc,koung tsoh
射击,shoot(a gun),撃つ (うつ),schießen,pafi,стреля́ть,tirer,쏘다,bắn,zjiaek kek
挖,dig,掘る (ほる),graben,fosi,копа́ть,creuser,파다,khắc,qweet
剪,cut,切る (きる),schneiden,tondi,ре́зать,couper,자르다,cắt,tsienq
打架,fight,戦う (たたかう),kämpfen,batali,драка́,se battre,싸우다,chiến đấu,tengq kaeh
赢,win,勝つ (かつ),gewinnen,venki,побежда́ть,gagner,이기다,thắng,jiaeng
输,lose,負ける (まける),verlieren,malvenki,проигрыва́ть,perdre,지다,thua,sjuoh
搅拌,mix/stir,混ぜる (まぜる),mischen,miksi,меша́ть,mélanger,섞다,trộn,kaewq phan
弯曲,bend,曲げる (まげる),biegen,faldi,сгиба́ть,plier,구부리다,uốn,qwaen khuok
洗,wash,洗う (あらう),waschen,lavi,мы́ть,laver,씻다,giặt,senq
打开,open,開く (あく),öffnen,malfermi,открыва́ть,ouvrir,열다,mở,tengq kheoj
关闭,close,閉じる (とじる),schließen,fermi,закрыва́ть,fermer,닫다,đóng,kwaen pet
打电话,call,電話する (でんわする),anrufen,voki,звонить по те́лефону,appeler,전화하다,gọi,tengq denh ghwaejh
捕捉,catch,捕まえる (つかまえる),fangen,kapti,ловить,attraper,잡다,bắt,boh tsroeuk
扔,throw,投げる (なげる),werfen,ĵeti,броса́ть,jeter,던지다,ném,njyngh
清洁,clean,きれいにする (きれいにする),reinigen,purigi,убира́ть,nettoyer,청소하다,lau,tshiaeng ket
找到,find,見つける (みつける),finden,trovi,нахо́дить,trouver,찾다,tìm,tsraewq tawh
推,push,押す (おす),drücken,puŝi,толка́ть,pousser,밀다,đẩy,tjhwi
拉,pull,引っ張る (hikitsuru),ziehen,tiri,тянуть,tirer,당기다,kéo,lop
携带,carry,運ぶ (はこぶ),tragen,porti,нести́,porter,나르다,mang,ghwej tajh
打破,break,壊す (こわす),brechen,rompi,ло́мать,casser,부수다,đập,tengq phah
挂,hang,かける (かける),hängen,pendi,вешать,accrocher,걸다,treo,kweeh
摇,shake,振る (ふる),schütteln,skui,трясти́,secouer,흔들다,lắc,jiewh
打,beat,打つ (うつ),schlagen,bati,бить,battre,두드리다,đánh,tengq
抬起,lift,持ち上げる (もちあげる),heben,levi,поднима́ть,lever,들다,nâng,deoj khyq
团队,team,チーム,Team,teamo,ко́манда,équipe,팀,nhóm,dwan dojh
选举,election,選挙 (せんきょ),Wahl,elekto,выборы,élection,선거,cử tri,swienq kyoq
§§类 6 NLGD - koung guoh,类 6 NLGD - koung guoh,ja,de,eo,ru,fr,ko,vi,tupa
§§类 6 NLGD - kaewh juk,类 6 NLGD - kaewh juk,ja,de,eo,ru,fr,ko,vi,tupa
学,learn,学ぶ (まなぶ),lernen,lerni,учи́ть,apprendre,배우다,học,ghoeuk
教,teach,教える (おしえる),lehren,instrui,преподава́ть,enseigner,가르치다,dạy,kaewh
§§类 6 NLGD - koung tsak,类 6 NLGD - koung tsak,ja,de,eo,ru,fr,ko,vi,tupa
§§§小类 工作,小类Job,仕事 (しごと),Beruf,laboro,работа́,métier,직업,công việc,koung tsoh
老师,Teacher,先生 (せんせい),Lehrer,instruisto,учи́тель,professeur,선생님,giáo viên,lawq sryi
学生,Student,学生 (がくせい),Schüler,studento,учени́к,étudiant,학생,sinh viên,ghoeuk sryaengh
律师,Lawyer,弁護士 (べんごし),Anwalt,advokato,адвока́т,avocat,변호사,luật sư,lwit sryi
医生,Doctor,医者 (いしゃ),Arzt,kuracisto,врач,médecin,의사,bác sĩ,qy sryaengh
病人,Patient,患者 (かんじゃ),Patient,paciento,паце́нт,patient,환자,bệnh nhân,byaengh njin
服务员,Waiter,ウェイター,Kellner,kelnero,официа́нт,serveur,웨이터,đầu bếp,buk muoh un
秘书,Secretary,秘書 (ひしょ),Sekretär,sekretario,секре́тарь,secrétaire,비서,thư ký,pyih sjyo
神父,Priest,神父 (しんぷ),Priester,pastro,священник,prêtre,신부,cha sứ,zjin puoq
警察,Police,警察 (けいさつ),Polizei,policano,по́лиция,police,경찰,cảnh sát,kyaengq tsrheet
军队,Army,軍 (ぐん),Armee,armeo,армия́,armée,군대,quân đội,kun dojh
士兵,Soldier,兵士 (へいし),Soldat,soldato,солда́т,soldat,병사,chiến sĩ,dzryq pyaeng
艺术家,Artist,芸術家 (げいじゅつか),Künstler,artisto,худо́жник,artiste,예술가,nghệ sĩ,ngiejh zjwit kae
作者,Author,著者 (ちょしゃ),Autor,verkisto,авто́р,auteur,작가,tác giả,tsoh tjiaeq
经理,Manager,マネージャー,Manager,manaĝero,менеджер,manager,매니저,quản lý,kengh lyq
记者,Reporter,レポーター,Reporter,raportisto,журналю́г,journaliste,기자,phóng viên,kyh tjiaeq
演员,Actor,俳優 (はいゆう),Schauspieler,aktoro,а́ктер,acteur,배우,diễn viên,jienq un
§§类 6 NLGD - keng tsejh,类 6 NLGD - keng tsejh,ja,de,eo,ru,fr,ko,vi,tupa
钱,money,お金 (おかね),Geld,mono,деньги,argent,돈,tiền,tsienq
人民币,Renminbi,人民元（じんみんげん）,Renminbi,Renminbao,жэньминьби́,renminbi,위안,Nhân dân tệ,njin min biejh
元（人民币元）,Yuan,元（げん）,Yuan,Juano,юа́нь,Yuan,위안,Đồng nhân dân tệ,nguon
美元,dollar,ドル,Dollar,dolaro,доллар,dollar,달러,đô la,myiq nguon
账单,bill,請求書 (きんがくしょ),Rechnung,fakturo,счёт,facture,청구서,hóa đơn,tryangh tan
价格,price,価格 (かかく),Preis,prezo,це́на,prix,가격,giá,kaeh kak
合同,contract,契約 (けいやく),Vertrag,kontrakto,контра́кт,contrat,계약,hợp đồng,kop doung
买,buy,買う (かう),kaufen,aĉeti,покупа́ть,acheter,사다,mua,meeq
付款,pay,支払う (しはらう),bezahlen,pagi,пла́тить,payer,지불하다,trả tiền,puoh khwanq
卖,sell,売る (うる),verkaufen,vendi,продава́ть,vendre,팔다,bán,meeh
签署,sign,サインする (さいんする),unterschreiben,subskribi,подписа́ть,signer,서명하다,đánh dấu,tshiem djyoh
有钱,rich,金持ち (かねもち),reich,riĉa,богатый,riche,부자인,giàu,uq tsienq
穷,poor,貧乏 (びんぼう),arm,malriĉa,бедный,pauvre,가난한,nghèo,gung
贵,expensive,高い (たかい),teuer,kara,де́рвий,cher,비싼,mắc,kujh
便宜,cheap,安い (やすい),billig,malmulta,дёшевый,bon marché,싼,rẻ,bienh ngye
§类 7 NLTK,类 7 NLTK,ja,de,eo,ru,fr,ko,vi,tupa
§§类 7 NLTK - trie sjyk,类 7 NLTK - trie sjyk,ja,de,eo,ru,fr,ko,vi,tupa
科学,science,科学 (かがく),Wissenschaft,scienco,нау́ка,science,과학,khoa học,khwah ghoeuk
技术,technology,テクノロジー,Technologie,teknologio,те́хнология,technologie,기술,công nghệ,gyeq zjwit
§§类 7 NLTK - sy jwi,类 7 NLTK - sy jwi,ja,de,eo,ru,fr,ko,vi,tupa
想,think,考える (かんがえる),denken,pensi,ду́мать,penser,생각하다,suy nghĩ,syangq
宗教,religion,宗教 (しゅうきょう),Religion,religio,рели́игия,religion,종교,tôn giáo,tsong kaewh
天堂,heaven,天国 (てんごく),Himmel,ĉielo,ра́й,cieux,천국,thiên đường,then dang
地狱,hell,地獄 (じごく),Hölle,infero,ад,enfer,지옥,địa ngục,dih nguok
神,god,神 (かみ),Gott,dio,бо́г,Dieu,신,Thượng đế,zjin
祈祷,pray,祈る (いのる),beten,preĝi,моли́ться,prier,기도하다,cầu nguyện,gyj tawq
§§类 7 NLTK - ngyon mun,类 7 NLTK - ngyon mun,ja,de,eo,ru,fr,ko,vi,tupa
说,speak/say,話す (はなす),sprechen,paroli,говори́ть,parler,말하다,nói,sjwiet
写,write,書く (かく),schreiben,skribi,писа́ть,écrire,쓰다,viết,siaeq
辅音,consonant,子音 (しいん),Konsonant,konsonanto,со́гласный,consonne,자음,phụ âm,buoq qyim
元音,vowel,母音 (ぼいん),Vokal,vokalo,гласный,voyelle,모음,nguyên âm,nguon qyim
名词,noun,名詞 (めいし),Substantiv,substantivo,существи́тельное имя,nom,명사,danh từ,miaeng zy
动词,verb,動詞 (どうし),Verb,verbo,глагол,verbe,동사,động từ,doungq zy
形容词,adjective,形容詞 (けいようし),Adjektiv,adjektivo,прилагательное,adjectif,형용사,tính từ,gheng juong zy
标志,sign,サイン,Zeichen,signo,знак,signe,표지,biểu tượng,piewq tjyh
杂志,magazine,雑誌 (ざっし),Magazin,revuo,журнали́ст,magazine,잡지,tạp chí,dzop tjyh
报纸,newspaper,新聞 (しんぶん),Zeitung,gazeto,газе́та,journal,신문,báo chí,pawh tjieq
§§类 7 NLTK - sjyk phanh,类 7 NLTK - sjyk phanh,ja,de,eo,ru,fr,ko,vi,tupa
好,good,いい (いい),gut,bona,хоро́ший,bon,좋은,tốt,hawq
坏,bad,悪い (わるい),schlecht,malbona,пло́хой,mauvais,나쁜,xấu,kweejh
是,yes,はい (hai),Ja,jes,да,oui,네,vâng,djieq
不是,no,いいえ (iie),Nein,ne,нет,non,아니오,không,put djieq
美丽,beautiful,美しい (うつくしい),schön,bela,краси́вый,beau,아름다운,đẹp,myiq lie
丑,ugly,醜い (みにくい),hässlich,malbela,уродливый,laid,추한,xấu,tjhuq
著名,famous,有名 (ゆうめい),berühmt,fama,изве́стный,célèbre,유명한,nổi tiếng,tryoh miaeng
好,nice,いい (ii),nett,aminda,милый,gentil,좋은,tốt,hawq
刻薄,mean,意味 (いみ),gemein,malafabla,за́лудный,méchant,심술궂은,có ý nghĩa,kheok bak
§§类 7 NLTK - dziaeng komq,类 7 NLTK - dziaeng komq,ja,de,eo,ru,fr,ko,vi,tupa
高兴,happy,嬉しい (うれしい),glücklich,feliĉa,сча́стливый,heureux,행복한,hạnh phúc,kaw hyngh
难过,sad,悲しい (かなしい),traurig,malĝoja,гру́стный,triste,슬픈,buồn,nanh kwah
微笑,smile,微笑む (ほほえむ),lächeln,rideti,улыба́ться,sourire,미소짓다,cười,muj siewh
笑,laugh,笑う (わらう),lachen,ridi,смеяться,rire,웃다,cười,siewh
哭,cry,泣く (なく),weinen,plori,плака́ть,pleurer,울다,khóc,khouk
§§类 7 NLTK - hy hyeh,类 7 NLTK - hy hyeh,ja,de,eo,ru,fr,ko,vi,tupa
玩,play,遊ぶ (あそぶ),spielen,ludi,играть,jouer,놀다,chơi,ngwanh
球,Ball,ボール,Ball,pilko,мяч,balle,공,quả bóng,gu
游戏,Game,ゲーム,Spiel,ludo,игра́,jeu,게임,trò chơi,ju hyeh
比赛,Race (sport),レース (れーす),Rennen,konkurso,го́нка,course,경주,cuộc đua,piq seojh
唱,sing,歌う (うたう),singen,kanti,пе́сня,chanter,노래하다,hát,tjhyangh
跳舞,dance,踊る (おどる),tanzen,danci,танцевать,danser,춤을 추다, khiêu vũ,dew muoq
§§§小类 艺术,小类art,芸術 (げいじゅつ),Kunst,arto,искусство,art,예술,nghệ thuật,ngiejh zjwit
乐队,band,バンド (ばんど),Band,bando,оркестр,groupe,밴드,nhóm nhạc,ngoeuk dojh
歌曲,song,歌曲 (かきょく),Lied,kanto,песня,chanson,노래,bài hát,ka khuok
乐器,instrument (musical),楽器 (がっき),Instrument,muzikilo,музыкальный инсту́мент,instrumento,악기,nhạc cụ,ngoeuk khyih
音乐,music,音楽 (おんがく),Musik,muziko,му́зыка,musique,음악,nhạc,qyim ngoeuk
电影,movie,映画 (えいが),Film,filmo,фильм,film,영화,phim,denh qyaengq
§§类 7 NLTK - kyq nemh,类 7 NLTK - kyq nemh,ja,de,eo,ru,fr,ko,vi,tupa
§类 8 NLKT,类 8 NLKT,ja,de,eo,ru,fr,ko,vi,tupa
§§类 8 NLKT - sjin pyin,类 8 NLKT - sjin pyin,ja,de,eo,ru,fr,ko,vi,tupa
§§类 8 NLKT - kaew tsiejh,类 8 NLKT - kaew tsiejh,ja,de,eo,ru,fr,ko,vi,tupa
社会,society,社会 (しゃかい),Gesellschaft,socio,общество,société,사회,xã hội,djiaeq kwajh
§§类 8 NLKT - munh ghouh,类 8 NLKT - munh ghouh,ja,de,eo,ru,fr,ko,vi,tupa
§§类 8 NLKT - qiew qyak,类 8 NLKT - qiew qyak,ja,de,eo,ru,fr,ko,vi,tupa
§§类 8 NLKT - kae deng,类 8 NLKT - kae deng,ja,de,eo,ru,fr,ko,vi,tupa
婚姻,Marriage,結婚 (けっこん),Ehe,geedziĝo,брак,mariage,결혼,hôn nhân,hon qin
婚礼,Wedding,結婚式 (けっこんしき),Hochzeit,nupto,свадьба,mariage,결혼식,đám cưới,hon lejq
爱,love,愛する (あいする),lieben,amo,любовь,aimer,사랑하다,yêu,qeojh
结婚,marry,結婚する (けっこんする),heiraten,edziĝi,жениться,se marier,결혼하다,kết hôn,ket hon
吻,kiss,キスする (きすする),küssen,kiso,поцелуй,embrasser,키스하다,hôn,munq
§§§小类待分 人,小类待分people,人 (ひと),Menschen,homoj,человек,gens,사람,người,njin
儿子,son,息子 (むすこ),Sohn,filo,сын,fils,아들,con trai,njie tsyq
女儿,daughter,娘 (むすめ),Tochter,filino,дочь,fille,딸,con gái,nryoq njie
母亲,mother,母 (はは),Mutter,patrino,мать,mère,어머니,mẹ,mouq tshinh
父亲,father,父 (ちち),Vater,patro,отец,père,아버지,cha,puoq tshinh
父母,parent,両親 (りょうしん),Eltern,gepatroj,родители,parents,부모,phụ huynh,puoq mouq
婴儿,baby,赤ちゃん (あかちゃん),Baby,bebo,младенец,bébé,아기,em bé,qiaeng njie
男人,man,男 (おとこ),Mann,viro,мужчина,homme,남자,đàn ông,nom njin
女人,woman,女 (おんな),Frau,virino,женщина,femme,여자,phụ nữ,nryoq njin
兄弟,brother,兄弟 (きょうだい),Bruder,frato,брат,frère,형제,anh em,huaeng dejq
姐妹,sister,姉妹 (しまい),Schwester,fratino,сестра,sœur,자매,chị em,tsiaeq mojh
家庭,family,家族 (かぞく),Familie,familio,семья,famille,가족,gia đình,kae deng
爷爷,grandfather,おじいさん (ojiisan),Großvater,avo,дедушка,grand-père,할아버지,ông nội,jiae jiae
奶奶,grandmother,おばあさん (obaasan),Großmutter,avino,бабушка,grand-mère,할머니,bà nội,nreeq nreeq
丈夫,husband,夫 (おっと),Ehemann,edzo,муж,mari,남편,chồng,dryangq puo
妻子,wife,妻 (つま),Ehefrau,edzino,жена,femme,아내,vợ,tshejh tsyq
国王,king,王 (おう),König,reĝo,король,roi,왕,vua,kweok uangh
皇后,queen,王妃 (おうひ),Königin,regino,королева,reine,왕비,hậu,ghwang ghouq
总统,president,大統領 (だいとうりょう),Präsident,prezidento,президент,président,대통령,tổng thống,tsoungq thongh
邻居,neighbor,隣人 (となりびと),Nachbar,najbaro,сосед,voisin,이웃,hàng xóm,lin kyo
男孩,boy,男の子 (おとこのこ),Junge,knabo,мальчик,garçon,소년,con trai,nom gheoj
女孩,girl,女の子 (おんなのこ),Mädchen,knabino,девочка,fille,소녀,gái,nryoq gheoj
孩子,child,子供 (こども),Kind,infano,ребёнок,enfant,아이,trẻ em,gheoj tsyq
成人,adult,大人 (おとな),Erwachsene,adulto,взрослый,adulte,성인,người lớn,djiaeng njin
人,human,人間 (にんげん),Mensch,homo,человек,humain,인간,con người,njin
朋友,friend,友達 (ともだち),Freund,amiko,друг,ami,친구,bạn bè,beong uq
受害者,victim,被害者 (ひがいしゃ),Opfer,viktimo,жертва,victime,피해자,nạn nhân,djuq ghajh tjiaeq
玩家,player,プレーヤー (ぷれーいやー),Spieler,ludanto,игро́к,joueur,플레이어,người chơi,ngwanh kae
粉丝,fan,ファン (ふぁん),Fan,fano,фанат,fan,팬,tán thành,punq sy
人群,crowd,人々 (ひとびと),Menge,homamaso,толпа,foule,군중,đám đông,njin gun
人,person,人 (ひと),Person,persono,человек (единственное),personne,사람,người,njin
§类 9 KKTT,类 9 KKTT,ja,de,eo,ru,fr,ko,vi,tupa
§§类 9 KKTT - kweok kae,类 9 KKTT - kweok kae,ja,de,eo,ru,fr,ko,vi,tupa
中国,China,中国（ちゅうごく）,China,Ĉinio,Кита́й,Chine,중국,Trung Quốc,trung kweok
汉朝,Han Dynasty,漢（かん）王朝,die Han-Dynastie,la Han-dinastio,династия Хань,la dynastie Han,한나라,triều Hán,hanh driew
联合国,United Nations,国際連合（こくさいれんごう）,Vereinte Nationen,Unuiĝintaj Nacioj,Организация Объединённых Наций,Organisation des Nations unies,유엔,LHQ (Liên Hợp Quốc),lien ghop kweok
俄罗斯,Russia,ロシア,Russland,Rusio,Россия,Russie,러시아,Nga,nga la sie
美国,United States,アメリカ合衆国（がっしゅうこく）,die Vereinigten Staaten,Usono,США,États-Unis,미국,Hoa Kỳ,myiq kweok
§§类 9 KKTT - tjienh tsreeng,类 9 KKTT - tjienh tsreeng,ja,de,eo,ru,fr,ko,vi,tupa
战争,War,戦争 (せんそう),Krieg,milito,война́,guerre,전쟁,chiến tranh,tjienh tsreeng
和平,Peace,平和 (へいわ),Frieden,paco,мир,paix,평화,hòa bình,ghwah byaeng
谋杀,Murder,殺人 (さつじん),Mord,murdo,уби́йство,meurtre,살인,giết người,mu sreet
攻击,Attack,攻撃 (こうげき),Angriff,atako,атака,attaque,공격,tấn công,koung kek
枪,Gun,銃 (じゅう),Waffe,pafilo,пистолет,arme,총,súng,tsrhaeng
监狱,Prison,刑務所 (けいむしょ),Gefängnis,malliberejo,тюрьма,prison,교도소,ngục tù,kaemh nguok
§类 99 未分类词条,类 99 gy tha,ja,de,eo,ru,fr,ko,vi,mujh pun lwih zy dew
